"CONTRACT_REF_NO","BRANCH","PRODUCT","PRODUCT_TYPE","MODULE","AMOUNT","LCY_AMOUNT","CURRENCY","BOOKING_DATE","VALUE_DATE","MATURITY_DATE","MAIN_COMP_RATE","MAIN_COMP_AMOUNT","TRADE_DATE","COUNTERPARTY","FULL_NAME"
"099OTAP222280005","099","OTAP","L","MM",500000000,500000000,"XAF",16-AUG-22,05-AUG-22,05-AUG-27,6.25,156250000,05-AUG-22,"040730820","ETAT DU GABON"
"099OTAP222280007","099","OTAP","L","MM",1000000000,1000000000,"XAF",16-AUG-22,29-JUL-22,16-MAR-27,5.25,243082191.78,29-JUL-22,"040730818","ETAT DU CAMEROUN"
"099OTAP222690004","099","OTAP","L","MM",1000000000,1000000000,"XAF",26-SEP-22,14-SEP-22,25-MAR-25,5.25,132616438.35,14-SEP-22,"040730820","ETAT DU GABON"
"099OTAP223290002","099","OTAP","L","MM",322000000,322000000,"XAF",25-NOV-22,24-NOV-22,03-NOV-27,6.5,103445808.22,24-NOV-22,"040730819","ETAT DU CONGO"
"099OTAP223290003","099","OTAP","L","MM",800000000,800000000,"XAF",25-NOV-22,25-NOV-22,25-NOV-27,6.5,260000000,25-NOV-22,"040730820","ETAT DU GABON"
"099OTAP223560001","099","OTAP","L","MM",400000000,400000000,"XAF",22-DEC-22,22-DEC-22,22-DEC-24,5.5,44001646.83,22-DEC-22,"040730819","ETAT DU CONGO"
"099TBTR223570003","099","TBTR","L","MM",500000000,500000000,"XAF",23-DEC-22,23-DEC-22,08-FEB-23,3.15,2056250,23-DEC-22,"040730818","ETAT DU CAMEROUN"
"099TBTR230370001","099","TBTR","L","MM",357000000,357000000,"XAF",06-FEB-23,03-FEB-23,18-MAY-23,6.5,6703666.67,03-FEB-23,"040730819","ETAT DU CONGO"
"099OTAP230620001","099","OTAP","L","MM",500000000,500000000,"XAF",03-MAR-23,01-MAR-23,27-AUG-25,7,87164383.56,01-MAR-23,"040730821","ETAT DE GUINEE EQUATORIALE"
"099OTAP230960001","099","OTAP","L","MM",1000000000,1000000000,"XAF",06-APR-23,29-MAR-23,05-NOV-25,6.5,169356164.39,29-MAR-23,"040730819","ETAT DU CONGO"
"099TBTR231520001","099","TBTR","L","MM",1000000000,1000000000,"XAF",01-JUN-23,31-MAY-23,03-JAN-24,4,24111111.11,31-MAY-23,"040730818","ETAT DU CAMEROUN"
"099OTAP231980001","099","OTAP","L","MM",1000000000,1000000000,"XAF",17-JUL-23,14-JUL-23,14-JUN-24,5.6,51481518,14-JUL-23,"040730818","ETAT DU CAMEROUN"
"099OTAP231570002","099","OTAP","L","MM",500000000,500000000,"XAF",06-JUN-23,06-JUN-23,01-OCT-24,5.25,34682461.26,06-JUN-23,"040730820","ETAT DU GABON"
"099OTAP232020002","099","OTAP","L","MM",5000000000,5000000000,"XAF",21-JUL-23,21-JUL-23,14-JUN-24,5.6,252037727,21-JUL-23,"040730818","ETAT DU CAMEROUN"
"099OTAP232510001","099","OTAP","L","MM",700000000,700000000,"XAF",08-SEP-23,07-SEP-23,07-SEP-26,6,126000000,07-SEP-23,"040730819","ETAT DU CONGO"
"099OTAP232220002","099","OTAP","L","MM",400000000,400000000,"XAF",10-AUG-23,28-JUL-23,27-AUG-25,7,58301370,28-JUL-23,"040730821","ETAT DE GUINEE EQUATORIALE"
"099OTAP232580008","099","OTAP","L","MM",1500000000,1500000000,"XAF",15-SEP-23,14-SEP-23,10-FEB-24,5,30593981,14-SEP-23,"040730819","ETAT DU CONGO"
"099OTAP222290002","099","OTAP","L","MM",1000000000,1000000000,"XAF",17-AUG-22,05-AUG-22,05-AUG-27,6.25,312500000,05-AUG-22,"040730820","ETAT DU GABON"
"099OTAP222290003","099","OTAP","L","MM",500000000,500000000,"XAF",17-AUG-22,17-AUG-22,05-AUG-27,6.25,155222602.73,05-AUG-22,"040730820","ETAT DU GABON"
"099MTPD222290001","099","MTPD","L","MM",240000000,240000000,"XAF",17-AUG-22,12-AUG-22,10-FEB-23,5.8,7037333.33,12-AUG-22,"040730820","ETAT DU GABON"
"099OTAP222450007","099","OTAP","L","MM",1000000000,1000000000,"XAF",02-SEP-22,05-AUG-22,05-AUG-24,6.25,125069709.56,05-AUG-22,"040730820","ETAT DU GABON"
"099OTAP222510003","099","OTAP","L","MM",300000000,300000000,"XAF",08-SEP-22,08-SEP-22,09-MAR-27,1,13495890.41,08-SEP-22,"040730820","ETAT DU GABON"
"099OTAP223140001","099","OTAP","L","MM",300000000,300000000,"XAF",10-NOV-22,10-NOV-22,22-OCT-23,5.25,14930136.99,10-NOV-22,"040730819","ETAT DU CONGO"
"099TBTR222690001","099","TBTR","L","MM",690000000,690000000,"XAF",26-SEP-22,14-SEP-22,07-OCT-22,6.25,2755208.33,14-SEP-22,"040730821","ETAT DE GUINEE EQUATORIALE"
"099TBTR223220001","099","TBTR","L","MM",378000000,378000000,"XAF",18-NOV-22,17-NOV-22,18-MAY-23,6.5,12421500,17-NOV-22,"040730819","ETAT DU CONGO"
"099OTAP231810001","099","OTAP","L","MM",1400000000,1400000000,"XAF",30-JUN-23,27-JUN-23,31-MAR-26,6,231747945,27-JUN-23,"040730819","ETAT DU CONGO"
"099OTAP232490005","099","OTAP","L","MM",803000000,803000000,"XAF",06-SEP-23,06-SEP-23,29-JAN-24,6.1,19448733,06-SEP-23,"040730819","ETAT DU CONGO"
"099OTAP232150005","099","OTAP","L","MM",250000000,250000000,"XAF",03-AUG-23,02-AUG-23,16-NOV-28,6,79361329,02-AUG-23,"040730818","ETAT DU CAMEROUN"
"099OTAP233030008","099","OTAP","L","MM",5000000000,5000000000,"XAF",30-OCT-23,26-OCT-23,01-OCT-26,5.5,806164384,26-OCT-23,"040730818","ETAT DU CAMEROUN"
"099OTAP232580007","099","OTAP","L","MM",758000000,758000000,"XAF",15-SEP-23,14-SEP-23,29-JAN-24,6.1,17345393,14-SEP-23,"040730819","ETAT DU CONGO"
"099OTAP232890001","099","OTAP","L","MM",100000000,100000000,"XAF",16-OCT-23,13-OCT-23,07-APR-26,5.75,14272603,13-OCT-23,"040730820","ETAT DU GABON"
"099OTAP233030011","099","OTAP","L","MM",700000000,700000000,"XAF",30-OCT-23,27-OCT-23,31-DEC-23,5,6232877,27-OCT-23,"040730821","ETAT DE GUINEE EQUATORIALE"
"099TBTR233070001","099","TBTR","L","MM",500000000,500000000,"XAF",03-NOV-23,02-NOV-23,01-FEB-24,6.4,8088889,02-NOV-23,"040730819","ETAT DU CONGO"
"099OTAP233330005","099","OTAP","L","MM",5000000000,5000000000,"XAF",29-NOV-23,28-NOV-23,26-NOV-27,5.9,1178383562,28-NOV-23,"040730818","ETAT DU CAMEROUN"
"099TBTR233340002","099","TBTR","L","MM",1000000000,1000000000,"XAF",30-NOV-23,29-NOV-23,01-FEB-24,8.37347175,14886172,29-NOV-23,"040730821","ETAT DE GUINEE EQUATORIALE"
"099TBTR222500001","099","TBTR","L","MM",250000000,250000000,"XAF",07-SEP-22,02-SEP-22,02-DEC-22,5.5,3475694.44,02-SEP-22,"040730820","ETAT DU GABON"
"099TBTR222310001","099","TBTR","L","MM",400000000,400000000,"XAF",19-AUG-22,19-AUG-22,18-NOV-22,5,5055555.56,19-AUG-22,"040730820","ETAT DU GABON"
"099OTAP222510001","099","OTAP","L","MM",1000000000,1000000000,"XAF",08-SEP-22,08-AUG-22,05-AUG-27,3,149753424.66,08-AUG-22,"040730818","ETAT DU CAMEROUN"
"099TBTR222720002","099","TBTR","L","MM",500000000,500000000,"XAF",29-SEP-22,28-SEP-22,29-MAR-23,2.8,7077777.78,28-SEP-22,"040730818","ETAT DU CAMEROUN"
"099OTAP222710002","099","OTAP","L","MM",700000000,700000000,"XAF",28-SEP-22,26-SEP-22,31-DEC-23,5,44205479.45,26-SEP-22,"040730821","ETAT DE GUINEE EQUATORIALE"
"099OTAP222870003","099","OTAP","L","MM",1180000000,1180000000,"XAF",14-OCT-22,15-SEP-22,05-AUG-27,6.25,360465753.43,15-SEP-22,"040730820","ETAT DU GABON"
"099OTAP223350001","099","OTAP","L","MM",322000000,322000000,"XAF",01-DEC-22,01-DEC-22,03-NOV-27,6.5,103044410.96,01-DEC-22,"040730819","ETAT DU CONGO"
"099OTAP230300003","099","OTAP","L","MM",450000000,450000000,"XAF",30-JAN-23,30-JAN-23,18-FEB-27,6.25,113964041.1,30-JAN-23,"040730820","ETAT DU GABON"
"099TBTR223560003","099","TBTR","L","MM",500000000,500000000,"XAF",22-DEC-22,21-DEC-22,21-JUN-23,3.95,9984722.22,21-DEC-22,"040730818","ETAT DU CAMEROUN"
"099OTAP232020001","099","OTAP","L","MM",426050000,426050000,"XAF",21-JUL-23,18-JUL-23,22-OCT-23,5.25,5882992,18-JUL-23,"040730819","ETAT DU CONGO"
"099OTAP231800004","099","OTAP","L","MM",2000000000,2000000000,"XAF",29-JUN-23,27-JUN-23,18-SEP-23,4,18191781,27-JUN-23,"040730818","ETAT DU CAMEROUN"
"099OTAP232210003","099","OTAP","L","MM",1000000000,1000000000,"XAF",09-AUG-23,08-AUG-23,29-JAN-24,6.1,29066667,08-AUG-23,"040730819","ETAT DU CONGO"
"099OTAP232290001","099","OTAP","L","MM",3500000000,3500000000,"XAF",17-AUG-23,11-AUG-23,01-OCT-26,5.5,604397260,11-AUG-23,"040730818","ETAT DU CAMEROUN"
"099OTAP232570008","099","OTAP","L","MM",450000000,450000000,"XAF",14-SEP-23,14-SEP-23,18-FEB-27,6.25,96472603,14-SEP-23,"040730820","ETAT DU GABON"
"099OTAP233040003","099","OTAP","L","MM",1600000000,1600000000,"XAF",31-OCT-23,27-OCT-23,15-JUL-28,6.25,471634105,27-OCT-23,"040730820","ETAT DU GABON"
"099OTAP233350001","099","OTAP","L","MM",48500000,48500000,"XAF",01-DEC-23,29-NOV-23,22-OCT-24,5.25,2282514,29-NOV-23,"040730820","ETAT DU GABON"
"099TBTR233350001","099","TBTR","L","MM",3500000000,3500000000,"XAF",01-DEC-23,28-NOV-23,28-FEB-24,6,53666667,28-NOV-23,"040730818","ETAT DU CAMEROUN"
"099OTAP233350002","099","OTAP","L","MM",2000000000,2000000000,"XAF",01-DEC-23,29-NOV-23,10-FEB-24,5,19970058,29-NOV-23,"040730819","ETAT DU CONGO"
"099OTAP222360001","099","OTAP","L","MM",1000000000,1000000000,"XAF",24-AUG-22,29-JUL-22,16-MAR-27,5.25,243082191.78,29-JUL-22,"040730818","ETAT DU CAMEROUN"
"099OTAP222450002","099","OTAP","L","MM",500000000,500000000,"XAF",02-SEP-22,05-AUG-22,05-AUG-27,6.25,156250000,05-AUG-22,"040730820","ETAT DU GABON"
"099OTAP222690002","099","OTAP","L","MM",1213000000,1213000000,"XAF",26-SEP-22,14-SEP-22,22-OCT-24,5.25,134028804.68,14-SEP-22,"040730820","ETAT DU GABON"
"099OTAP222450006","099","OTAP","L","MM",1000000000,1000000000,"XAF",02-SEP-22,29-JUL-22,16-MAR-24,5.25,85696552.88,29-JUL-22,"040730818","ETAT DU CAMEROUN"
"099OTAP222690003","099","OTAP","L","MM",1000000000,1000000000,"XAF",26-SEP-22,14-SEP-22,14-JUN-24,5.6,97969189.31,14-SEP-22,"040730818","ETAT DU CAMEROUN"
"099OTAP222970001","099","OTAP","L","MM",1180000000,1180000000,"XAF",24-OCT-22,24-OCT-22,05-AUG-27,6.25,352585616.44,24-OCT-22,"040730820","ETAT DU GABON"
"099OTAP222710004","099","OTAP","L","MM",5000000000,5000000000,"XAF",28-SEP-22,14-SEP-22,14-JUN-24,5.6,489845946.56,14-SEP-22,"040730818","ETAT DU CAMEROUN"
"099TBTR223530001","099","TBTR","L","MM",250000000,250000000,"XAF",19-DEC-22,16-DEC-22,16-JUN-23,5.25,6635416.67,16-DEC-22,"040730820","ETAT DU GABON"
"099OTAP223350003","099","OTAP","L","MM",750000000,750000000,"XAF",01-DEC-22,01-DEC-22,22-OCT-23,5.25,35059931.51,01-DEC-22,"040730819","ETAT DU CONGO"
"099OTAP223620003","099","OTAP","L","MM",500000000,500000000,"XAF",28-DEC-22,27-DEC-22,09-DEC-26,5.75,113582191.78,27-DEC-22,"040730820","ETAT DU GABON"
"099OTAP230950002","099","OTAP","L","MM",400000000,400000000,"XAF",05-APR-23,29-MAR-23,06-NOV-23,6.3,15327123.29,29-MAR-23,"040730819","ETAT DU CONGO"
"099OTAP223620009","099","OTAP","L","MM",1000000000,1000000000,"XAF",28-DEC-22,27-DEC-22,09-DEC-26,5.75,227164383.56,27-DEC-22,"040730820","ETAT DU GABON"
"099OTAP231070001","099","OTAP","L","MM",650000000,650000000,"XAF",17-APR-23,14-APR-23,22-OCT-23,5.25,17857191.78,14-APR-23,"040730819","ETAT DU CONGO"
"099OTAP231280001","099","OTAP","L","MM",645000000,645000000,"XAF",08-MAY-23,08-MAY-23,22-OCT-23,5.25,15493253.42,08-MAY-23,"040730819","ETAT DU CONGO"
"099OTAP232410001","099","OTAP","L","MM",900000000,900000000,"XAF",29-AUG-23,29-AUG-23,29-JAN-24,6.1,23001370,29-AUG-23,"040730819","ETAT DU CONGO"
"099OTAP232350003","099","OTAP","L","MM",3000000000,3000000000,"XAF",23-AUG-23,21-AUG-23,29-JAN-24,6.1,80682192,21-AUG-23,"040730819","ETAT DU CONGO"
"099TBTR232420002","099","TBTR","L","MM",500000000,500000000,"XAF",30-AUG-23,30-AUG-23,29-NOV-23,4.5,5687500,30-AUG-23,"040730818","ETAT DU CAMEROUN"
"099TBTR222520001","099","TBTR","L","MM",150000000,150000000,"XAF",09-SEP-22,09-SEP-22,23-SEP-22,5,291666.67,09-SEP-22,"040730821","ETAT DE GUINEE EQUATORIALE"
"099TBTR223340001","099","TBTR","L","MM",500000000,500000000,"XAF",30-NOV-22,30-NOV-22,11-JAN-23,2.5,1458333.33,30-NOV-22,"040730818","ETAT DU CAMEROUN"
"099OTAP230160002","099","OTAP","L","MM",200000000,200000000,"XAF",16-JAN-23,16-JAN-23,22-DEC-24,5.5,21247398.76,16-JAN-23,"040730819","ETAT DU CONGO"
"099OTAP230300002","099","OTAP","L","MM",250000000,250000000,"XAF",30-JAN-23,26-JAN-23,19-JAN-26,5.75,42849315.07,26-JAN-23,"040730819","ETAT DU CONGO"
"099OTAP230760001","099","OTAP","L","MM",53500000,53500000,"XAF",17-MAR-23,14-MAR-23,22-OCT-24,5.25,4518578.41,14-MAR-23,"040730820","ETAT DU GABON"
"099OTAP231000001","099","OTAP","L","MM",400000000,400000000,"XAF",10-APR-23,03-APR-23,22-DEC-24,5.5,37853701.62,03-APR-23,"040730819","ETAT DU CONGO"
"099OTAP231850001","099","OTAP","L","MM",1500000000,1500000000,"XAF",04-JUL-23,04-JUL-23,09-DEC-26,5.75,296085616,04-JUL-23,"040730820","ETAT DU GABON"
"099OTAP231910002","099","OTAP","L","MM",1400000000,1400000000,"XAF",10-JUL-23,07-JUL-23,31-MAR-26,6,229446576,07-JUL-23,"040730819","ETAT DU CONGO"
"099OTAP232000002","099","OTAP","L","MM",3000000000,3000000000,"XAF",19-JUL-23,17-JUL-23,15-JUL-28,6.25,936711206,17-JUL-23,"040730820","ETAT DU GABON"
"099OTAP232340006","099","OTAP","L","MM",1000000000,1000000000,"XAF",22-AUG-23,11-AUG-23,09-MAR-27,5.5,196643835,11-AUG-23,"040730818","ETAT DU CAMEROUN"
"099OTAP232470002","099","OTAP","L","MM",500000000,500000000,"XAF",04-SEP-23,01-SEP-23,18-JUN-27,6,113835616,01-SEP-23,"040730818","ETAT DU CAMEROUN"
"099OTAP232470006","099","OTAP","L","MM",1500000000,1500000000,"XAF",04-SEP-23,01-SEP-23,01-OCT-26,5.5,254280821,01-SEP-23,"040730818","ETAT DU CAMEROUN"
"099OTAP232570002","099","OTAP","L","MM",1200000000,1200000000,"XAF",14-SEP-23,14-SEP-23,18-JUN-27,6,270641096,14-SEP-23,"040730818","ETAT DU CAMEROUN"
"099OTAP232570003","099","OTAP","L","MM",453000000,453000000,"XAF",14-SEP-23,13-SEP-23,24-FEB-25,6,39392384,13-SEP-23,"040730819","ETAT DU CONGO"
"099OTAP232610002","099","OTAP","L","MM",3500000000,3500000000,"XAF",18-SEP-23,15-SEP-23,14-JUN-24,5.6,146355177,15-SEP-23,"040730818","ETAT DU CAMEROUN"
"099OTAP232620002","099","OTAP","L","MM",2000000000,2000000000,"XAF",19-SEP-23,14-SEP-23,01-OCT-23,5.5,5123288,14-SEP-23,"040730819","ETAT DU CONGO"
"099OTAP233000002","099","OTAP","L","MM",1500000000,1500000000,"XAF",27-OCT-23,27-OCT-23,09-DEC-26,5.75,268910958,27-OCT-23,"040730820","ETAT DU GABON"
"099OTAP232990007","099","OTAP","L","MM",1500000000,1500000000,"XAF",26-OCT-23,24-OCT-23,15-JUL-28,6.25,442927521,24-OCT-23,"040730820","ETAT DU GABON"
"099TBTR222450001","099","TBTR","L","MM",350000000,350000000,"XAF",02-SEP-22,24-AUG-22,23-NOV-22,2.8,2477222.22,24-AUG-22,"040730818","ETAT DU CAMEROUN"
"099OTAP222450008","099","OTAP","L","MM",500000000,500000000,"XAF",02-SEP-22,05-AUG-22,05-AUG-24,6.25,62534854.78,05-AUG-22,"040730820","ETAT DU GABON"
"099TBTR223570002","099","TBTR","L","MM",250000000,250000000,"XAF",23-DEC-22,23-DEC-22,24-MAR-23,5.25,3317708.33,23-DEC-22,"040730820","ETAT DU GABON"
"099OTAP222450009","099","OTAP","L","MM",500000000,500000000,"XAF",02-SEP-22,31-AUG-22,01-OCT-24,5.5,57354554.98,31-AUG-22,"040730818","ETAT DU CAMEROUN"
"099TBTR223430001","099","TBTR","L","MM",126000000,126000000,"XAF",09-DEC-22,08-DEC-22,09-MAR-23,6,1911000,08-DEC-22,"040730819","ETAT DU CONGO"
"099TBTR223620001","099","TBTR","L","MM",500000000,500000000,"XAF",28-DEC-22,28-DEC-22,08-FEB-23,3.15,1837500,28-DEC-22,"040730818","ETAT DU CAMEROUN"
"099OTAP230450003","099","OTAP","L","MM",1000000000,1000000000,"XAF",14-FEB-23,13-FEB-23,27-AUG-25,7,177397260.28,13-FEB-23,"040730821","ETAT DE GUINEE EQUATORIALE"
"099OTAP230530001","099","OTAP","L","MM",180000000,180000000,"XAF",22-FEB-23,20-FEB-23,05-AUG-27,6.25,50116438.36,20-FEB-23,"040730820","ETAT DU GABON"
"099OTAP232340002","099","OTAP","L","MM",200000000,200000000,"XAF",22-AUG-23,28-JUL-23,27-AUG-25,7,29150685,28-JUL-23,"040730821","ETAT DE GUINEE EQUATORIALE"
"099OTAP232560004","099","OTAP","L","MM",700000000,700000000,"XAF",13-SEP-23,13-SEP-23,07-SEP-26,6,125309589,13-SEP-23,"040730819","ETAT DU CONGO"
"099OTAP232580002","099","OTAP","L","MM",803000000,803000000,"XAF",15-SEP-23,06-SEP-23,29-JAN-24,6.1,19448733,06-SEP-23,"040730819","ETAT DU CONGO"
"099OTAP232650002","099","OTAP","L","MM",2800000000,2800000000,"XAF",22-SEP-23,18-SEP-23,15-JUL-28,6.25,844058313,18-SEP-23,"040730820","ETAT DU GABON"
"099OTAP232820001","099","OTAP","L","MM",3000000000,3000000000,"XAF",09-OCT-23,26-SEP-23,09-JUL-24,7,164824612,26-SEP-23,"040730821","ETAT DE GUINEE EQUATORIALE"
"099OTAP232990005","099","OTAP","L","MM",1500000000,1500000000,"XAF",26-OCT-23,19-OCT-23,15-JUL-28,6.25,444211767,19-OCT-23,"040730820","ETAT DU GABON"
"099OTAP233030013","099","OTAP","L","MM",1300000000,1300000000,"XAF",30-OCT-23,27-OCT-23,31-MAR-26,6,189123288,27-OCT-23,"040730819","ETAT DU CONGO"
"099OTAP233030012","099","OTAP","L","MM",100000000,100000000,"XAF",30-OCT-23,26-OCT-23,31-MAR-26,6,14564384,26-OCT-23,"040730819","ETAT DU CONGO"
"099OTAP233040002","099","OTAP","L","MM",544000000,544000000,"XAF",31-OCT-23,27-OCT-23,29-JAN-24,6.1,8539062,27-OCT-23,"040730819","ETAT DU CONGO"
"099OTAP222640001","099","OTAP","L","MM",350000000,350000000,"XAF",21-SEP-22,14-SEP-22,29-JAN-23,6,7882191.78,14-SEP-22,"040730819","ETAT DU CONGO"
"099TBTR222570002","099","TBTR","L","MM",125000000,125000000,"XAF",14-SEP-22,12-SEP-22,02-FEB-23,6,2979166.67,12-SEP-22,"040730821","ETAT DE GUINEE EQUATORIALE"
"099OTAP230510001","099","OTAP","L","MM",2000000000,2000000000,"XAF",20-FEB-23,17-FEB-23,17-FEB-28,6.5,649954263.04,17-FEB-23,"040730820","ETAT DU GABON"
"099OTAP230880001","099","OTAP","L","MM",1000000000,1000000000,"XAF",29-MAR-23,22-MAR-23,19-JAN-27,6,229808219.18,22-MAR-23,"040730820","ETAT DU GABON"
"099OTAP231010001","099","OTAP","L","MM",250000000,250000000,"XAF",11-APR-23,03-APR-23,19-JAN-26,5.75,40210616.44,03-APR-23,"040730819","ETAT DU CONGO"
"099OTAP230950005","099","OTAP","L","MM",1150000000,1150000000,"XAF",05-APR-23,30-MAR-23,24-SEP-23,4.75,26639041.1,30-MAR-23,"040730820","ETAT DU GABON"
"099OTAP231510001","099","OTAP","L","MM",1000000000,1000000000,"XAF",31-MAY-23,31-MAY-23,19-JAN-27,6,218301369.86,31-MAY-23,"040730820","ETAT DU GABON"
"099OTAP232150003","099","OTAP","L","MM",500000000,500000000,"XAF",03-AUG-23,02-AUG-23,01-OCT-26,5.5,87020548,02-AUG-23,"040730818","ETAT DU CAMEROUN"
"099OTAP232540001","099","OTAP","L","MM",54100000,54100000,"XAF",11-SEP-23,11-SEP-23,14-JUN-24,5.6,2295434,11-SEP-23,"040730818","ETAT DU CAMEROUN"
"099OTAP232490004","099","OTAP","L","MM",700000000,700000000,"XAF",06-SEP-23,04-SEP-23,18-JUN-27,6,159024658,04-SEP-23,"040730818","ETAT DU CAMEROUN"
"099OTAP232560005","099","OTAP","L","MM",2000000000,2000000000,"XAF",13-SEP-23,12-SEP-23,01-OCT-23,5.5,5726027,12-SEP-23,"040730819","ETAT DU CONGO"
"099OTAP232560006","099","OTAP","L","MM",350000000,350000000,"XAF",13-SEP-23,12-SEP-23,18-JUN-27,6,79052054,12-SEP-23,"040730818","ETAT DU CAMEROUN"
"099OTAP232570009","099","OTAP","L","MM",1000000000,1000000000,"XAF",14-SEP-23,14-SEP-23,16-MAR-27,5.25,183821918,14-SEP-23,"040730818","ETAT DU CAMEROUN"
"099OTAP232580004","099","OTAP","L","MM",803000000,803000000,"XAF",15-SEP-23,14-SEP-23,29-JAN-24,6.1,18375133,14-SEP-23,"040730819","ETAT DU CONGO"
"099TBTR232790002","099","TBTR","L","MM",500000000,500000000,"XAF",06-OCT-23,04-OCT-23,03-APR-24,5.7,14408333,04-OCT-23,"040730818","ETAT DU CAMEROUN"
"099TBTR232790001","099","TBTR","L","MM",500000000,500000000,"XAF",06-OCT-23,04-OCT-23,03-APR-24,5.5,13902778,04-OCT-23,"040730818","ETAT DU CAMEROUN"
"099TBTR232790003","099","TBTR","L","MM",1000000000,1000000000,"XAF",06-OCT-23,04-OCT-23,03-APR-24,5.6,28311111,04-OCT-23,"040730818","ETAT DU CAMEROUN"
"099OTAP232850002","099","OTAP","L","MM",708000000,708000000,"XAF",12-OCT-23,10-OCT-23,29-JAN-24,6.1,13124833,10-OCT-23,"040730819","ETAT DU CONGO"
"099OTAP222930007","099","OTAP","L","MM",63000000,63000000,"XAF",20-OCT-22,20-OCT-22,22-OCT-24,5.25,6634881.15,20-OCT-22,"040730820","ETAT DU GABON"
"099OTAP222870005","099","OTAP","L","MM",680000000,680000000,"XAF",14-OCT-22,30-AUG-22,05-AUG-27,6.25,209589041.09,30-AUG-22,"040730820","ETAT DU GABON"
"099OTAP222930008","099","OTAP","L","MM",952800000,952800000,"XAF",20-OCT-22,20-OCT-22,25-MAR-25,5.25,121423265.75,20-OCT-22,"040730820","ETAT DU GABON"
"099OTAP222930005","099","OTAP","L","MM",47200000,47200000,"XAF",20-OCT-22,20-OCT-22,25-MAR-25,5.25,6015090.41,20-OCT-22,"040730820","ETAT DU GABON"
"099TBTR223490004","099","TBTR","L","MM",1000000000,1000000000,"XAF",15-DEC-22,14-DEC-22,15-MAR-23,3,7583333.33,14-DEC-22,"040730818","ETAT DU CAMEROUN"
"099OTAP223190007","099","OTAP","L","MM",2000000000,2000000000,"XAF",15-NOV-22,01-NOV-22,01-NOV-23,6.25,125000000,01-NOV-22,"040730820","ETAT DU GABON"
"099OTAP223550001","099","OTAP","L","MM",600000000,600000000,"XAF",21-DEC-22,21-DEC-22,01-OCT-24,5.25,56031282.28,21-DEC-22,"040730820","ETAT DU GABON"
"099TBTR223560002","099","TBTR","L","MM",500000000,500000000,"XAF",22-DEC-22,21-DEC-22,21-JUN-23,4,10111111.11,21-DEC-22,"040730818","ETAT DU CAMEROUN"
"099OTAP223620011","099","OTAP","L","MM",400000000,400000000,"XAF",28-DEC-22,27-DEC-22,22-DEC-24,5.5,43700276.96,27-DEC-22,"040730819","ETAT DU CONGO"
"099OTAP230100001","099","OTAP","L","MM",200000000,200000000,"XAF",10-JAN-23,09-JAN-23,22-DEC-24,5.5,21458357.66,09-JAN-23,"040730819","ETAT DU CONGO"
"099OTAP231000002","099","OTAP","L","MM",750000000,750000000,"XAF",10-APR-23,03-APR-23,22-OCT-23,5.25,21791095.89,03-APR-23,"040730819","ETAT DU CONGO"
"099OTAP231170001","099","OTAP","L","MM",2800000000,2800000000,"XAF",27-APR-23,25-APR-23,19-JAN-27,6,627813698.63,25-APR-23,"040730820","ETAT DU GABON"
"099OTAP231650001","099","OTAP","L","MM",50000000,50000000,"XAF",14-JUN-23,14-JUN-23,11-DEC-23,5.75,1417808,14-JUN-23,"040730820","ETAT DU GABON"
"099OTAP232130001","099","OTAP","L","MM",3000000000,3000000000,"XAF",01-AUG-23,28-JUL-23,15-JUL-28,6.25,931060521,28-JUL-23,"040730820","ETAT DU GABON"
"099OTAP232150006","099","OTAP","L","MM",322000000,322000000,"XAF",03-AUG-23,02-AUG-23,03-NOV-27,6.5,89052850,02-AUG-23,"040730819","ETAT DU CONGO"
"099OTAP232570005","099","OTAP","L","MM",1000000000,1000000000,"XAF",14-SEP-23,13-SEP-23,10-FEB-24,5,20532974,13-SEP-23,"040730819","ETAT DU CONGO"
"099OTAP232560002","099","OTAP","L","MM",2000000000,2000000000,"XAF",13-SEP-23,08-SEP-23,22-SEP-23,5.5,4219178,08-SEP-23,"040730818","ETAT DU CAMEROUN"
"099OTAP233030010","099","OTAP","L","MM",2500000000,2500000000,"XAF",30-OCT-23,26-OCT-23,01-SEP-26,5.5,391780822,26-OCT-23,"040730820","ETAT DU GABON"
"099OTAP222290004","099","OTAP","L","MM",1000000000,1000000000,"XAF",17-AUG-22,17-AUG-22,16-MAR-27,5.25,240349315.07,29-JUL-22,"040730818","ETAT DU CAMEROUN"
"099MTPD222280001","099","MTPD","L","MM",300000000,300000000,"XAF",16-AUG-22,04-AUG-22,02-FEB-23,6.5,9858333.33,04-AUG-22,"040730819","ETAT DU CONGO"
"099TBTR222290001","099","TBTR","L","MM",500000000,500000000,"XAF",17-AUG-22,11-AUG-22,10-NOV-22,6.25,7899305.56,11-AUG-22,"040730819","ETAT DU CONGO"
"099TBTR222340003","099","TBTR","L","MM",280000000,280000000,"XAF",22-AUG-22,11-AUG-22,10-NOV-22,6.2,4388222.22,11-AUG-22,"040730819","ETAT DU CONGO"
"099OTAP222940001","099","OTAP","L","MM",1000000000,1000000000,"XAF",21-OCT-22,20-OCT-22,09-MAR-27,5.5,241095890.41,20-OCT-22,"040730818","ETAT DU CAMEROUN"
"099OTAP222930004","099","OTAP","L","MM",600000000,600000000,"XAF",20-OCT-22,20-OCT-22,01-OCT-24,5.25,61381967.21,20-OCT-22,"040730820","ETAT DU GABON"
"099OTAP223050001","099","OTAP","L","MM",450000000,450000000,"XAF",01-NOV-22,01-NOV-22,22-OCT-23,5.25,22977739.73,01-NOV-22,"040730819","ETAT DU CONGO"
"099OTAP223340001","099","OTAP","L","MM",250000000,250000000,"XAF",30-NOV-22,30-NOV-22,16-NOV-28,6,89429822.59,30-NOV-22,"040730818","ETAT DU CAMEROUN"
"099OTAP223340002","099","OTAP","L","MM",800000000,800000000,"XAF",30-NOV-22,30-NOV-22,25-NOV-27,6.5,259287671.23,30-NOV-22,"040730820","ETAT DU GABON"
"099TBTR223430001","099","TBTR","L","MM",126000000,126000000,"XAF",09-DEC-22,08-DEC-22,09-MAR-23,6,1911000,08-DEC-22,"040730819","ETAT DU CONGO"
"099OTAP223570002","099","OTAP","L","MM",500000000,500000000,"XAF",23-DEC-22,23-DEC-22,09-DEC-26,5.75,113897260.27,23-DEC-22,"040730820","ETAT DU GABON"
"099OTAP230520001","099","OTAP","L","MM",1500000000,1500000000,"XAF",21-FEB-23,21-FEB-23,09-DEC-26,5.75,327513698.63,21-FEB-23,"040730820","ETAT DU GABON"
"099OTAP230950006","099","OTAP","L","MM",150000000,150000000,"XAF",05-APR-23,30-MAR-23,11-DEC-23,5.75,6049315.07,30-MAR-23,"040730819","ETAT DU CONGO"
"099OTAP231490003","099","OTAP","L","MM",100000000,100000000,"XAF",29-MAY-23,23-MAY-23,01-OCT-24,5.25,7137862.12,23-MAY-23,"040730820","ETAT DU GABON"
"099OTAP231630001","099","OTAP","L","MM",1150000000,1150000000,"XAF",12-JUN-23,07-JUN-23,24-SEP-23,4.75,16312671,07-JUN-23,"040730820","ETAT DU GABON"
"099OTAP232330001","099","OTAP","L","MM",950000000,950000000,"XAF",21-AUG-23,21-AUG-23,29-JAN-24,6.1,25549360,21-AUG-23,"040730819","ETAT DU CONGO"
"099OTAP232400002","099","OTAP","L","MM",2000000000,2000000000,"XAF",28-AUG-23,25-AUG-23,01-OCT-26,5.5,341150685,25-AUG-23,"040730818","ETAT DU CAMEROUN"
"099OTAP222980004","099","OTAP","L","MM",700000000,700000000,"XAF",25-OCT-22,25-OCT-22,31-DEC-23,5,41424657.53,25-OCT-22,"040730821","ETAT DE GUINEE EQUATORIALE"
"099OTAP223210001","099","OTAP","L","MM",250000000,250000000,"XAF",17-NOV-22,16-NOV-22,16-NOV-28,6,90005165.06,16-NOV-22,"040730818","ETAT DU CAMEROUN"
"099TBTR223130002","099","TBTR","L","MM",250000000,250000000,"XAF",09-NOV-22,09-NOV-22,10-MAY-23,3.3,4170833.33,09-NOV-22,"040730818","ETAT DU CAMEROUN"
"099OTAP223570001","099","OTAP","L","MM",1000000000,1000000000,"XAF",23-DEC-22,23-DEC-22,09-DEC-26,5.75,227794520.55,23-DEC-22,"040730820","ETAT DU GABON"
"099OTAP230100002","099","OTAP","L","MM",200000000,200000000,"XAF",10-JAN-23,09-JAN-23,14-JUN-24,5.6,16003700.88,09-JAN-23,"040730818","ETAT DU CAMEROUN"
"099OTAP230310001","099","OTAP","L","MM",450000000,450000000,"XAF",31-JAN-23,31-JAN-23,18-FEB-27,6.25,113886986.3,31-JAN-23,"040730820","ETAT DU GABON"
"099OTAP230880002","099","OTAP","L","MM",1000000000,1000000000,"XAF",29-MAR-23,29-MAR-23,19-JAN-27,6,228657534.25,29-MAR-23,"040730820","ETAT DU GABON"
"099OTAP230580003","099","OTAP","L","MM",1000000000,1000000000,"XAF",27-FEB-23,24-FEB-23,05-AUG-27,6.25,277739726.03,24-FEB-23,"040730820","ETAT DU GABON"
"099OTAP232560003","099","OTAP","L","MM",800000000,800000000,"XAF",13-SEP-23,12-SEP-23,24-FEB-25,6,69698630,12-SEP-23,"040730819","ETAT DU CONGO"
"099OTAP232630001","099","OTAP","L","MM",2100000000,2100000000,"XAF",20-SEP-23,13-SEP-23,27-AUG-25,7,287153425,13-SEP-23,"040730821","ETAT DE GUINEE EQUATORIALE"
"099OTAP232760001","099","OTAP","L","MM",2500000000,2500000000,"XAF",03-OCT-23,02-OCT-23,14-JUN-24,5.6,98018864,02-OCT-23,"040730818","ETAT DU CAMEROUN"
"099OTAP232920002","099","OTAP","L","MM",684000000,684000000,"XAF",19-OCT-23,18-OCT-23,29-JAN-24,6.1,11765425,18-OCT-23,"040730819","ETAT DU CONGO"
"099TBTR232890001","099","TBTR","L","MM",3500000000,3500000000,"XAF",16-OCT-23,13-OCT-23,28-FEB-24,5.9,79158333,13-OCT-23,"040730818","ETAT DU CAMEROUN"
"099OTAP233030004","099","OTAP","L","MM",2000000000,2000000000,"XAF",30-OCT-23,26-OCT-23,05-OCT-26,5.75,338383562,26-OCT-23,"040730819","ETAT DU CONGO"
"099OTAP233030007","099","OTAP","L","MM",10000000000,10000000000,"XAF",30-OCT-23,27-OCT-23,26-FEB-26,5.5,1283835617,27-OCT-23,"040730818","ETAT DU CAMEROUN"
"099OTAP233040001","099","OTAP","L","MM",554000000,554000000,"XAF",31-OCT-23,26-OCT-23,29-JAN-24,6.1,8788615,26-OCT-23,"040730819","ETAT DU CONGO"
"099OTAP233100004","099","OTAP","L","MM",2500000000,2500000000,"XAF",06-NOV-23,02-NOV-23,09-MAR-27,5.5,460342466,02-NOV-23,"040730818","ETAT DU CAMEROUN"
"099OTAP233070003","099","OTAP","L","MM",2000000000,2000000000,"XAF",03-NOV-23,01-NOV-23,01-NOV-28,6.25,625057078,01-NOV-23,"040730820","ETAT DU GABON"
"099TBTR222170003","099","TBTR","L","MM",304000000,304000000,"XAF",05-AUG-22,01-JUL-22,30-SEP-22,5.5,4226444.44,01-JUL-22,"040730820","ETAT DU GABON"
"099TBTR222170002","099","TBTR","L","MM",220000000,220000000,"XAF",05-AUG-22,29-JUL-22,28-OCT-22,5.75,3197638.89,29-JUL-22,"040730820","ETAT DU GABON"
"099TBTR222170004","099","TBTR","L","MM",400000000,400000000,"XAF",05-AUG-22,30-JUN-22,23-SEP-22,6.4,6044444.44,30-JUN-22,"040730821","ETAT DE GUINEE EQUATORIALE"
"099OTAP222280001","099","OTAP","L","MM",600000000,600000000,"XAF",16-AUG-22,26-JUL-22,01-OCT-24,5.25,68803885.02,26-JUL-22,"040730820","ETAT DU GABON"
"099TBTR222580001","099","TBTR","L","MM",93000000,93000000,"XAF",15-SEP-22,14-SEP-22,14-OCT-22,6.5,503750,14-SEP-22,"040730820","ETAT DU GABON"
"099OTAP222280003","099","OTAP","L","MM",1000000000,1000000000,"XAF",16-AUG-22,05-AUG-22,05-AUG-27,6.25,312500000,05-AUG-22,"040730820","ETAT DU GABON"
"099TBTR223140001","099","TBTR","L","MM",174000000,174000000,"XAF",10-NOV-22,09-NOV-22,10-MAY-23,3.5,3078833.33,09-NOV-22,"040730818","ETAT DU CAMEROUN"
"099OTAP223620010","099","OTAP","L","MM",400000000,400000000,"XAF",28-DEC-22,23-DEC-22,24-FEB-25,6,52142465.75,23-DEC-22,"040730819","ETAT DU CONGO"
"099OTAP223620007","099","OTAP","L","MM",1500000000,1500000000,"XAF",28-DEC-22,23-DEC-22,22-JAN-23,4.5,5547945.21,23-DEC-22,"040730820","ETAT DU GABON"
"099OTAP230160001","099","OTAP","L","MM",800000000,800000000,"XAF",16-JAN-23,16-JAN-23,14-JUN-24,5.6,63155625.42,16-JAN-23,"040730818","ETAT DU CAMEROUN"
"099TBTR230240001","099","TBTR","L","MM",800000000,800000000,"XAF",24-JAN-23,24-JAN-23,05-JUL-23,4.75,17100000,24-JAN-23,"040730818","ETAT DU CAMEROUN"
"099OTAP231570003","099","OTAP","L","MM",1000000000,1000000000,"XAF",06-JUN-23,06-JUN-23,25-MAR-25,5.25,94500000,06-JUN-23,"040730820","ETAT DU GABON"
"099OTAP231580001","099","OTAP","L","MM",526050000,526050000,"XAF",07-JUN-23,16-MAY-23,22-OCT-23,5.25,12030691.44,16-MAY-23,"040730819","ETAT DU CONGO"
"099TBTR231580001","099","TBTR","L","MM",1000000000,1000000000,"XAF",07-JUN-23,06-JUN-23,21-JUN-23,5.5,2291666.67,06-JUN-23,"040730818","ETAT DU CAMEROUN"
"099OTAP232160003","099","OTAP","L","MM",3500000000,3500000000,"XAF",04-AUG-23,28-JUL-23,01-OCT-26,5.5,611780822,28-JUL-23,"040730818","ETAT DU CAMEROUN"
"099OTAP232490002","099","OTAP","L","MM",60000000,60000000,"XAF",06-SEP-23,05-SEP-23,14-JUN-24,5.6,2601001,05-SEP-23,"040730818","ETAT DU CAMEROUN"
"099OTAP232610001","099","OTAP","L","MM",1500000000,1500000000,"XAF",18-SEP-23,14-SEP-23,14-JUN-24,5.6,62953784,14-SEP-23,"040730818","ETAT DU CAMEROUN"
"099OTAP233000001","099","OTAP","L","MM",1000000000,1000000000,"XAF",27-OCT-23,27-OCT-23,25-MAR-25,5.25,73931507,27-OCT-23,"040730820","ETAT DU GABON"
"099OTAP222450004","099","OTAP","L","MM",1000000000,1000000000,"XAF",02-SEP-22,29-JUL-22,16-MAR-27,5.25,243082191.78,29-JUL-22,"040730818","ETAT DU CAMEROUN"
"099OTAP222870004","099","OTAP","L","MM",1000000000,1000000000,"XAF",14-OCT-22,29-SEP-22,20-MAY-25,5.25,138513698.63,29-SEP-22,"040730820","ETAT DU GABON"
"099OTAP222870006","099","OTAP","L","MM",1180000000,1180000000,"XAF",14-OCT-22,06-OCT-22,05-AUG-27,6.25,356222602.74,06-OCT-22,"040730820","ETAT DU GABON"
"099OTAP223320001","099","OTAP","L","MM",1050000000,1050000000,"XAF",28-NOV-22,28-NOV-22,24-FEB-25,6,141189041.1,28-NOV-22,"040730819","ETAT DU CONGO"
"099TBTR223550001","099","TBTR","L","MM",126000000,126000000,"XAF",21-DEC-22,08-DEC-22,09-MAR-23,6,1911000,08-DEC-22,"040730819","ETAT DU CONGO"
"099OTAP230310003","099","OTAP","L","MM",250000000,250000000,"XAF",31-JAN-23,31-JAN-23,19-JAN-26,5.75,42652397.26,31-JAN-23,"040730819","ETAT DU CONGO"
"099OTAP231360003","099","OTAP","L","MM",641050000,641050000,"XAF",16-MAY-23,16-MAY-23,22-OCT-23,5.25,14660725.68,16-MAY-23,"040730819","ETAT DU CONGO"
"099OTAP231910003","099","OTAP","L","MM",6000000000,6000000000,"XAF",10-JUL-23,07-JUL-23,14-JUN-24,5.6,315332944,07-JUL-23,"040730818","ETAT DU CAMEROUN"
"099OTAP232080001","099","OTAP","L","MM",1000000000,1000000000,"XAF",27-JUL-23,17-JUL-23,15-JUL-28,6.25,312237068,17-JUL-23,"040730820","ETAT DU GABON"
"099OTAP233070004","099","OTAP","L","MM",446000000,446000000,"XAF",03-NOV-23,30-OCT-23,29-JAN-24,6.1,6777163,30-OCT-23,"040730819","ETAT DU CONGO"
"099OTAP232560007","099","OTAP","L","MM",783000000,783000000,"XAF",13-SEP-23,13-SEP-23,29-JAN-24,6.1,18048329,13-SEP-23,"040730819","ETAT DU CONGO"
"099OTAP233110001","099","OTAP","L","MM",251000000,251000000,"XAF",07-NOV-23,02-NOV-23,29-JAN-24,6.1,3688210,02-NOV-23,"040730819","ETAT DU CONGO"
"099TBTR233110001","099","TBTR","L","MM",1000000000,1000000000,"XAF",07-NOV-23,06-NOV-23,19-FEB-24,6,17500000,06-NOV-23,"040730820","ETAT DU GABON"
"099OTAP233140002","099","OTAP","L","MM",500000000,500000000,"XAF",10-NOV-23,08-NOV-23,09-JUL-24,7,23347481,08-NOV-23,"040730821","ETAT DE GUINEE EQUATORIALE"
"099TBTR233260001","099","TBTR","L","MM",3500000000,3500000000,"XAF",22-NOV-23,14-NOV-23,28-FEB-24,6,61833333,14-NOV-23,"040730818","ETAT DU CAMEROUN"
"099OTAP233270001","099","OTAP","L","MM",500000000,500000000,"XAF",23-NOV-23,20-NOV-23,07-SEP-26,6,83917808,20-NOV-23,"040730819","ETAT DU CONGO"
"099OTAP233280001","099","OTAP","L","MM",2131000000,2131000000,"XAF",24-NOV-23,15-NOV-23,08-MAR-28,5.75,528338971,15-NOV-23,"040730818","ETAT DU CAMEROUN"
"099OTAP233280004","099","OTAP","L","MM",5000000000,5000000000,"XAF",24-NOV-23,09-NOV-23,26-NOV-27,5.9,1193739726,09-NOV-23,"040730818","ETAT DU CAMEROUN"
"099TBTR222170001","099","TBTR","L","MM",300000000,300000000,"XAF",05-AUG-22,01-JUL-22,30-SEP-22,5.25,3981250,01-JUL-22,"040730820","ETAT DU GABON"
"099TBTR222310002","099","TBTR","L","MM",400000000,400000000,"XAF",19-AUG-22,19-AUG-22,18-NOV-22,5.25,5308333.33,19-AUG-22,"040730820","ETAT DU GABON"
"099OTAP222550001","099","OTAP","L","MM",1000000000,1000000000,"XAF",12-SEP-22,12-SEP-22,18-MAR-27,5,225616438.35,12-SEP-22,"040730819","ETAT DU CONGO"
"099TBTR222720001","099","TBTR","L","MM",500000000,500000000,"XAF",29-SEP-22,28-SEP-22,29-MAR-23,2.75,6951388.89,28-SEP-22,"040730818","ETAT DU CAMEROUN"
"099OTAP222980002","099","OTAP","L","MM",700000000,700000000,"XAF",25-OCT-22,24-OCT-22,01-OCT-24,5.25,71209555.35,24-OCT-22,"040730820","ETAT DU GABON"
"099OTAP222690004","099","OTAP","L","MM",1000000000,1000000000,"XAF",26-SEP-22,14-SEP-22,25-MAR-25,5.25,132616438.35,14-SEP-22,"040730820","ETAT DU GABON"
"099OTAP222690002","099","OTAP","L","MM",1213000000,1213000000,"XAF",26-SEP-22,14-SEP-22,22-OCT-24,5.25,134028804.68,14-SEP-22,"040730820","ETAT DU GABON"
"099OTAP231800005","099","OTAP","L","MM",2000000000,2000000000,"XAF",29-JUN-23,27-JUN-23,19-JAN-27,6,427726027,27-JUN-23,"040730820","ETAT DU GABON"
"099OTAP232470001","099","OTAP","L","MM",200000000,200000000,"XAF",04-SEP-23,01-SEP-23,14-JUN-24,5.6,8792742,01-SEP-23,"040730818","ETAT DU CAMEROUN"
"099OTAP232570007","099","OTAP","L","MM",2000000000,2000000000,"XAF",14-SEP-23,13-SEP-23,01-OCT-23,5.5,5424658,13-SEP-23,"040730819","ETAT DU CONGO"
"099TBTR232910001","099","TBTR","L","MM",500000000,500000000,"XAF",18-OCT-23,18-OCT-23,17-APR-24,5.7,14408333,18-OCT-23,"040730818","ETAT DU CAMEROUN"
"099TBTR232920001","099","TBTR","L","MM",1000000000,1000000000,"XAF",19-OCT-23,18-OCT-23,17-APR-24,5.75,29069444,18-OCT-23,"040730818","ETAT DU CAMEROUN"
"099OTAP233310001","099","OTAP","L","MM",221000000,221000000,"XAF",27-NOV-23,22-NOV-23,29-JAN-24,6.1,2508703,22-NOV-23,"040730819","ETAT DU CONGO"
"099OTAP233280003","099","OTAP","L","MM",5000000000,5000000000,"XAF",24-NOV-23,14-NOV-23,26-NOV-27,5.9,1189698631,14-NOV-23,"040730818","ETAT DU CAMEROUN"
"099OTAP233310002","099","OTAP","L","MM",3000000000,3000000000,"XAF",27-NOV-23,15-NOV-23,07-SEP-27,5.5,628808219,15-NOV-23,"040730818","ETAT DU CAMEROUN"
"099OTAP233330002","099","OTAP","L","MM",3650000000,3650000000,"XAF",29-NOV-23,22-NOV-23,15-JUL-28,6.25,1059665301,22-NOV-23,"040730820","ETAT DU GABON"
"099OTAP233330003","099","OTAP","L","MM",5000000000,5000000000,"XAF",29-NOV-23,23-NOV-23,26-NOV-27,5.9,1182424658,23-NOV-23,"040730818","ETAT DU CAMEROUN"
"099OTAP233330004","099","OTAP","L","MM",217000000,217000000,"XAF",29-NOV-23,29-NOV-23,29-JAN-24,6.1,2209437,29-NOV-23,"040730819","ETAT DU CONGO"
"099OTAP233620001","099","OTAP","L","MM",5000000000,5000000000,"XAF",28-DEC-23,26-DEC-23,01-OCT-26,5.5,760205480,26-DEC-23,"040730818","ETAT DU CAMEROUN"
"099OTAP233620003","099","OTAP","L","MM",500000000,500000000,"XAF",28-DEC-23,26-DEC-23,09-JUL-24,7,18744741,26-DEC-23,"040730821","ETAT DE GUINEE EQUATORIALE"
"099OTAP233630006","099","OTAP","L","MM",600000000,600000000,"XAF",29-DEC-23,29-DEC-23,01-OCT-24,5.25,23840871,29-DEC-23,"040730820","ETAT DU GABON"
"099OTAP240640016","099","OTAP","L","MM",1000000000,1000000000,"XAF",04-MAR-24,01-MAR-24,09-MAR-27,5.5,166079497,01-MAR-24,"040730818","ETAT DU CAMEROUN"
"099TBTR240050004","099","TBTR","L","MM",5000000000,5000000000,"XAF",05-JAN-24,03-JAN-24,03-APR-24,5.9,74569444,03-JAN-24,"040730818","ETAT DU CAMEROUN"
"099OTAP241230001","099","OTAP","L","MM",6600000000,6600000000,"XAF",02-MAY-24,02-MAY-24,26-NOV-27,5.9,1389393425,02-MAY-24,"040730818","ETAT DU CAMEROUN"
"099OTAP242500002","099","OTAP","L","MM",5000000000,5000000000,"XAF",06-SEP-24,06-SEP-24,18-JUN-27,6,833983831,06-SEP-24,"040730818","ETAT DU CAMEROUN"
"099OTAP242010003","099","OTAP","L","MM",2000000000,2000000000,"XAF",19-JUL-24,19-JUL-24,15-DEC-28,6.5,572923498,19-JUL-24,"040730820","ETAT DU GABON"
"099OTAP242910001","099","OTAP","L","MM",500000000,500000000,"XAF",17-OCT-24,17-OCT-24,09-MAR-27,5.5,65758328,17-OCT-24,"040730818","ETAT DU CAMEROUN"
"099OTAP243190002","099","OTAP","L","MM",251400000,251400000,"XAF",14-NOV-24,14-NOV-24,25-NOV-27,6.5,49509597,14-NOV-24,"040730820","ETAT DU GABON"
"099OTAP243200002","099","OTAP","L","MM",2865000000,2865000000,"XAF",15-NOV-24,15-NOV-24,20-DEC-24,6,16438525,15-NOV-24,"040730818","ETAT DU CAMEROUN"
"099OTAP243320003","099","OTAP","L","MM",2500000000,2500000000,"XAF",27-NOV-24,27-NOV-24,28-MAR-26,5.5,183046167,27-NOV-24,"040730819","ETAT DU CONGO"
"099OTAP243340002","099","OTAP","L","MM",4000000000,4000000000,"XAF",29-NOV-24,29-NOV-24,25-NOV-27,6.5,777086459,29-NOV-24,"040730820","ETAT DU GABON"
"099OTAP243370001","099","OTAP","L","MM",3000000000,3000000000,"XAF",02-DEC-24,02-DEC-24,25-NOV-27,6.5,581216484,02-DEC-24,"040730820","ETAT DU GABON"
"099OTAP243380001","099","OTAP","L","MM",95470000,95470000,"XAF",03-DEC-24,03-DEC-24,30-JUL-25,7,4374475,03-DEC-24,"040730821","ETAT DE GUINEE EQUATORIALE"
"099OTAP243400001","099","OTAP","L","MM",4000000000,4000000000,"XAF",05-DEC-24,04-DEC-24,27-NOV-29,6.7,1334804102,04-DEC-24,"040730818","ETAT DU CAMEROUN"
"099TBTR243460001","099","TBTR","L","MM",5000000000,5000000000,"XAF",11-DEC-24,11-DEC-24,11-JUN-25,6.5,164305556,11-DEC-24,"040730818","ETAT DU CAMEROUN"
"099OTAP243470005","099","OTAP","L","MM",3500000000,3500000000,"XAF",12-DEC-24,12-DEC-24,12-DEC-26,5.5,384971181,12-DEC-24,"040730819","ETAT DU CONGO"
"099OTAP240640014","099","OTAP","L","MM",5000000000,5000000000,"XAF",04-MAR-24,01-MAR-24,28-FEB-26,6,598490905,01-MAR-24,"040730818","ETAT DU CAMEROUN"
"099OTAP233630007","099","OTAP","L","MM",400000000,400000000,"XAF",29-DEC-23,29-DEC-23,22-DEC-24,5.5,21579729,29-DEC-23,"040730819","ETAT DU CONGO"
"099TBTR240530002","099","TBTR","L","MM",500000000,500000000,"XAF",22-FEB-24,20-FEB-24,28-NOV-24,6.6,25850000,20-FEB-24,"040730821","ETAT DE GUINEE EQUATORIALE"
"099OTAP241130001","099","OTAP","L","MM",1550000000,1550000000,"XAF",22-APR-24,22-APR-24,11-JAN-26,5.5,146748184,22-APR-24,"040730820","ETAT DU GABON"
"099OTAP241700001","099","OTAP","L","MM",1530000000,1530000000,"XAF",18-JUN-24,18-JUN-24,18-JUN-27,6,275264626,18-JUN-24,"040730818","ETAT DU CAMEROUN"
"099OTAP241910001","099","OTAP","L","MM",103970000,103970000,"XAF",09-JUL-24,08-JUL-24,22-SEP-25,5.75,7215146,08-JUL-24,"040730819","ETAT DU CONGO"
"099OTAP241910005","099","OTAP","L","MM",1480700000,1480700000,"XAF",09-JUL-24,08-JUL-24,05-OCT-26,5.75,190927919,08-JUL-24,"040730819","ETAT DU CONGO"
"099OTAP241920005","099","OTAP","L","MM",1000000000,1000000000,"XAF",10-JUL-24,09-JUL-24,29-MAY-30,7,412044764,09-JUL-24,"040730818","ETAT DU CAMEROUN"
"099BTTR241940001","099","BTTR","L","MM",2000000000,2000000000,"XAF",12-JUL-24,12-JUL-24,03-JUL-25,6.25,123611111,12-JUL-24,"040730821","ETAT DE GUINEE EQUATORIALE"
"099OTAP242480001","099","OTAP","L","MM",1000000000,1000000000,"XAF",04-SEP-24,04-SEP-24,21-JAN-25,5.5,20896213,04-SEP-24,"040730820","ETAT DU GABON"
"099OTAP242430002","099","OTAP","L","MM",4000000000,4000000000,"XAF",30-AUG-24,30-AUG-24,11-MAR-27,6.25,631959728,30-AUG-24,"040730820","ETAT DU GABON"
"099OTAP242480002","099","OTAP","L","MM",1931030000,1931030000,"XAF",04-SEP-24,04-SEP-24,05-OCT-26,5.75,231399847,04-SEP-24,"040730819","ETAT DU CONGO"
"099OTAP243170002","099","OTAP","L","MM",2875000000,2875000000,"XAF",12-NOV-24,12-NOV-24,25-DEC-25,6,192757355,12-NOV-24,"040730818","ETAT DU CAMEROUN"
"099OTAP243300001","099","OTAP","L","MM",219550000,219550000,"XAF",25-NOV-24,25-NOV-24,25-NOV-27,6.5,42808297,25-NOV-24,"040730820","ETAT DU GABON"
"099OTAP243340003","099","OTAP","L","MM",1600000000,1600000000,"XAF",29-NOV-24,01-NOV-24,01-NOV-28,6.25,400000000,01-NOV-24,"040730820","ETAT DU GABON"
"099OTAP243470002","099","OTAP","L","MM",4500000000,4500000000,"XAF",12-DEC-24,12-DEC-24,04-APR-27,6.5,675511004,12-DEC-24,"040730819","ETAT DU CONGO"
"099OTAP243480001","099","OTAP","L","MM",500000000,500000000,"XAF",13-DEC-24,13-DEC-24,01-OCT-26,5.5,49496089,13-DEC-24,"040730818","ETAT DU CAMEROUN"
"099OTAP240640002","099","OTAP","L","MM",2500000000,2500000000,"XAF",04-MAR-24,29-FEB-24,22-JUN-25,5.5,180129220,29-FEB-24,"040730819","ETAT DU CONGO"
"099TBTR240040002","099","TBTR","L","MM",4000000000,4000000000,"XAF",04-JAN-24,03-JAN-24,01-JAN-25,6.5,262888889,03-JAN-24,"040730818","ETAT DU CAMEROUN"
"099TBTR240640003","099","TBTR","L","MM",1260000000,1260000000,"XAF",04-MAR-24,28-FEB-24,03-APR-24,5,6125000,28-FEB-24,"040730818","ETAT DU CAMEROUN"
"099OTAP240640008","099","OTAP","L","MM",1084160000,1084160000,"XAF",04-MAR-24,28-FEB-24,07-SEP-27,5.5,210115304,28-FEB-24,"040730818","ETAT DU CAMEROUN"
"099OTAP240640010","099","OTAP","L","MM",9000000000,9000000000,"XAF",04-MAR-24,01-MAR-24,26-NOV-27,5.9,1984578217,01-MAR-24,"040730818","ETAT DU CAMEROUN"
"099OTAP242500001","099","OTAP","L","MM",5000000000,5000000000,"XAF",06-SEP-24,06-SEP-24,01-DEC-25,5,308685156,06-SEP-24,"040730820","ETAT DU GABON"
"099OTAP242840002","099","OTAP","L","MM",4500000000,4500000000,"XAF",10-OCT-24,10-OCT-24,26-NOV-27,5.9,830522715,10-OCT-24,"040730818","ETAT DU CAMEROUN"
"099OTAP242950005","099","OTAP","L","MM",261400000,261400000,"XAF",21-OCT-24,21-OCT-24,25-NOV-27,6.5,52593117,21-OCT-24,"040730820","ETAT DU GABON"
"099OTAP243480002","099","OTAP","L","MM",4000000000,4000000000,"XAF",13-DEC-24,13-DEC-24,27-NOV-29,6.7,1328213938,13-DEC-24,"040730818","ETAT DU CAMEROUN"
"099OTAP243530001","099","OTAP","L","MM",3500000000,3500000000,"XAF",18-DEC-24,18-DEC-24,25-MAR-25,5.25,48812936,18-DEC-24,"040730820","ETAT DU GABON"
"099TBTR243530001","099","TBTR","L","MM",5000000000,5000000000,"XAF",18-DEC-24,18-DEC-24,11-JUN-25,6.5,157986111,18-DEC-24,"040730818","ETAT DU CAMEROUN"
"099TBTR243530002","099","TBTR","L","MM",941000000,941000000,"XAF",18-DEC-24,18-DEC-24,25-DEC-24,6.6,1207617,18-DEC-24,"040730818","ETAT DU CAMEROUN"
"099OTAP243540001","099","OTAP","L","MM",3500000000,3500000000,"XAF",19-DEC-24,19-DEC-24,12-DEC-26,5.5,381289487,19-DEC-24,"040730819","ETAT DU CONGO"
"099OTAP243580001","099","OTAP","L","MM",5000000000,5000000000,"XAF",23-DEC-24,20-DEC-24,07-APR-27,6.5,746135190,20-DEC-24,"040730820","ETAT DU GABON"
"099OTAP243590002","099","OTAP","L","MM",1500000000,1500000000,"XAF",24-DEC-24,24-DEC-24,17-MAY-27,5.5,197543005,24-DEC-24,"040730820","ETAT DU GABON"
"099OTAP243590003","099","OTAP","L","MM",3500000000,3500000000,"XAF",24-DEC-24,24-DEC-24,25-MAR-25,5.25,45800640,24-DEC-24,"040730820","ETAT DU GABON"
"099OTAP243590004","099","OTAP","L","MM",212710000,212710000,"XAF",24-DEC-24,24-DEC-24,27-AUG-25,7,10034358,24-DEC-24,"040730821","ETAT DE GUINEE EQUATORIALE"
"099OTAP243610001","099","OTAP","L","MM",5000000000,5000000000,"XAF",26-DEC-24,26-DEC-24,07-APR-27,6.5,740807321,26-DEC-24,"040730820","ETAT DU GABON"
"099OTAP233390002","099","OTAP","L","MM",1000000000,1000000000,"XAF",05-DEC-23,30-NOV-23,09-DEC-26,5.5,166356165,30-NOV-23,"040730818","ETAT DU CAMEROUN"
"099OTAP233480002","099","OTAP","L","MM",2000000000,2000000000,"XAF",14-DEC-23,14-DEC-23,09-DEC-26,5.75,343424658,14-DEC-23,"040730820","ETAT DU GABON"
"099OTAP233490001","099","OTAP","L","MM",1500000000,1500000000,"XAF",15-DEC-23,14-DEC-23,14-JUN-24,5.6,42011318,14-DEC-23,"040730818","ETAT DU CAMEROUN"
"099OTAP233540001","099","OTAP","L","MM",2000000000,2000000000,"XAF",20-DEC-23,15-DEC-23,14-JUN-24,5.6,55708241,15-DEC-23,"040730818","ETAT DU CAMEROUN"
"099TBTR233610001","099","TBTR","L","MM",5000000000,5000000000,"XAF",27-DEC-23,21-DEC-23,12-JUN-24,6.15,148625000,21-DEC-23,"040730818","ETAT DU CAMEROUN"
"099TBTR240540001","099","TBTR","L","MM",1000000000,1000000000,"XAF",23-FEB-24,21-FEB-24,21-AUG-24,6.25,31597222,21-FEB-24,"040730818","ETAT DU CAMEROUN"
"099OTAP240180001","099","OTAP","L","MM",230000000,230000000,"XAF",18-JAN-24,16-JAN-24,19-JAN-26,5.75,26560184,16-JAN-24,"040730819","ETAT DU CONGO"
"099OTAP240650002","099","OTAP","L","MM",2500000000,2500000000,"XAF",05-MAR-24,01-MAR-24,01-DEC-27,6.25,586114698,01-MAR-24,"040730820","ETAT DU GABON"
"099OTAP240950001","099","OTAP","L","MM",5500000000,5500000000,"XAF",04-APR-24,03-APR-24,26-NOV-27,5.9,1183539603,03-APR-24,"040730818","ETAT DU CAMEROUN"
"099OTAP241510001","099","OTAP","L","MM",1000000000,1000000000,"XAF",30-MAY-24,29-MAY-24,29-MAY-27,6.25,187398477,29-MAY-24,"040730818","ETAT DU CAMEROUN"
"099OTAP241710002","099","OTAP","L","MM",3000000000,3000000000,"XAF",19-JUN-24,18-JUN-24,19-JUN-24,6,491803,18-JUN-24,"040730818","ETAT DU CAMEROUN"
"099OTAP241730004","099","OTAP","L","MM",1000000000,1000000000,"XAF",21-JUN-24,19-JUN-24,29-MAY-27,6.25,183812411,19-JUN-24,"040730818","ETAT DU CAMEROUN"
"099OTAP241920001","099","OTAP","L","MM",103970000,103970000,"XAF",10-JUL-24,09-JUL-24,30-JUL-25,7,7687040,09-JUL-24,"040730821","ETAT DE GUINEE EQUATORIALE"
"099OTAP241930001","099","OTAP","L","MM",450000000,450000000,"XAF",11-JUL-24,11-JUL-24,21-JAN-25,5.5,13122557,11-JUL-24,"040730820","ETAT DU GABON"
"099TBTR242010001","099","TBTR","L","MM",250000000,250000000,"XAF",19-JUL-24,19-JUL-24,14-MAY-25,6.85,14223264,19-JUL-24,"040730818","ETAT DU CAMEROUN"
"099OTAP242400001","099","OTAP","L","MM",5000000000,5000000000,"XAF",27-AUG-24,27-AUG-24,09-MAR-27,5.5,695902949,27-AUG-24,"040730818","ETAT DU CAMEROUN"
"099OTAP242570001","099","OTAP","L","MM",5000000000,5000000000,"XAF",13-SEP-24,13-SEP-24,18-JUN-27,6,828246126,13-SEP-24,"040730818","ETAT DU CAMEROUN"
"099OTAP242680001","099","OTAP","L","MM",5000000000,5000000000,"XAF",24-SEP-24,24-SEP-24,09-MAR-27,5.5,674864698,24-SEP-24,"040730818","ETAT DU CAMEROUN"
"099OTAP233630005","099","OTAP","L","MM",250000000,250000000,"XAF",29-DEC-23,29-DEC-23,16-NOV-28,6,73238042,29-DEC-23,"040730818","ETAT DU CAMEROUN"
"099OTAP240510003","099","OTAP","L","MM",2000000000,2000000000,"XAF",20-FEB-24,19-FEB-24,09-MAR-27,5.5,335465005,19-FEB-24,"040730818","ETAT DU CAMEROUN"
"099OTAP240260001","099","OTAP","L","MM",395000000,395000000,"XAF",26-JAN-24,24-JAN-24,22-DEC-24,5.5,19766189,24-JAN-24,"040730819","ETAT DU CONGO"
"099OTAP240990001","099","OTAP","L","MM",4400000000,4400000000,"XAF",08-APR-24,05-APR-24,26-NOV-27,5.9,945413102,05-APR-24,"040730818","ETAT DU CAMEROUN"
"099OTAP241450002","099","OTAP","L","MM",4950000000,4950000000,"XAF",24-MAY-24,24-MAY-24,28-FEB-26,6,524342062,24-MAY-24,"040730818","ETAT DU CAMEROUN"
"099OTAP241550001","099","OTAP","L","MM",335950000,335950000,"XAF",03-JUN-24,31-MAY-24,22-DEC-24,5.5,10349279,31-MAY-24,"040730819","ETAT DU CONGO"
"099OTAP241570003","099","OTAP","L","MM",4400000000,4400000000,"XAF",05-JUN-24,05-JUN-24,09-MAR-27,5.5,667274377,05-JUN-24,"040730818","ETAT DU CAMEROUN"
"099OTAP241710003","099","OTAP","L","MM",1000000000,1000000000,"XAF",19-JUN-24,18-JUN-24,19-JUN-24,6.25,170765,18-JUN-24,"040730818","ETAT DU CAMEROUN"
"099OTAP241920007","099","OTAP","L","MM",3000000000,3000000000,"XAF",10-JUL-24,09-JUL-24,01-MAR-26,5.4,266087940,09-JUL-24,"040730819","ETAT DU CONGO"
"099OTAP241940001","099","OTAP","L","MM",4950000000,4950000000,"XAF",12-JUL-24,12-JUL-24,28-FEB-26,6,484579767,12-JUL-24,"040730818","ETAT DU CAMEROUN"
"099OTAP241940002","099","OTAP","L","MM",1134820000,1134820000,"XAF",12-JUL-24,12-JUL-24,21-AUG-25,7,88039996,12-JUL-24,"040730820","ETAT DU GABON"
"099OTAP241940004","099","OTAP","L","MM",600000000,600000000,"XAF",12-JUL-24,12-JUL-24,30-JUL-25,7,44016843,12-JUL-24,"040730821","ETAT DE GUINEE EQUATORIALE"
"099OTAP242070009","099","OTAP","L","MM",20000000,20000000,"XAF",25-JUL-24,24-JUL-24,18-JUN-27,6,3480198,24-JUL-24,"040730818","ETAT DU CAMEROUN"
"099OTAP242950002","099","OTAP","L","MM",3000000000,3000000000,"XAF",21-OCT-24,21-OCT-24,11-NOV-27,5.75,527331686,21-OCT-24,"040730820","ETAT DU GABON"
"099OTAP242710001","099","OTAP","L","MM",5000000000,5000000000,"XAF",27-SEP-24,27-SEP-24,18-JUN-27,6,816770717,27-SEP-24,"040730818","ETAT DU CAMEROUN"
"099OTAP243660001","099","OTAP","L","MM",2800000000,2800000000,"XAF",31-DEC-24,23-DEC-24,20-DEC-25,6,166607860,23-DEC-24,"040730818","ETAT DU CAMEROUN"
"099OTAP243480003","099","OTAP","L","MM",2805000000,2805000000,"XAF",13-DEC-24,13-DEC-24,20-DEC-25,6,171503734,13-DEC-24,"040730818","ETAT DU CAMEROUN"
"099OTAP250030002","099","OTAP","L","MM",6685350000,6685350000,"XAF",03-JAN-25,03-JAN-25,18-FEB-27,6.25,888327329,03-JAN-25,"040730820","ETAT DU GABON"
"099OTAP240330002","099","OTAP","L","MM",570000000,570000000,"XAF",02-FEB-24,30-JAN-24,25-NOV-27,6.5,141508591,30-JAN-24,"040730820","ETAT DU GABON"
"099OTAP240380001","099","OTAP","L","MM",1931030000,1931030000,"XAF",07-FEB-24,01-FEB-24,01-FEB-27,5.9,341818748,01-FEB-24,"040730819","ETAT DU CONGO"
"099OTAP240510007","099","OTAP","L","MM",4000000000,4000000000,"XAF",20-FEB-24,19-FEB-24,31-MAR-25,6,266389400,19-FEB-24,"040730819","ETAT DU CONGO"
"099OTAP240650003","099","OTAP","L","MM",3000000000,3000000000,"XAF",05-MAR-24,29-FEB-24,01-MAR-26,5.4,324071547,29-FEB-24,"040730819","ETAT DU CONGO"
"099OTAP240650005","099","OTAP","L","MM",2500000000,2500000000,"XAF",05-MAR-24,01-MAR-24,01-MAR-26,5.4,269690770,01-MAR-24,"040730819","ETAT DU CONGO"
"099OTAP240940001","099","OTAP","L","MM",1134820000,1134820000,"XAF",03-APR-24,02-APR-24,21-AUG-25,7,109961246,02-APR-24,"040730820","ETAT DU GABON"
"099OTAP241140002","099","OTAP","L","MM",1550000000,1550000000,"XAF",23-APR-24,23-APR-24,18-JUN-27,6,293092364,23-APR-24,"040730818","ETAT DU CAMEROUN"
"099OTAP241240001","099","OTAP","L","MM",3000000000,3000000000,"XAF",03-MAY-24,03-MAY-24,19-MAY-27,5.75,524747867,03-MAY-24,"040730820","ETAT DU GABON"
"099OTAP241730002","099","OTAP","L","MM",5054100000,5054100000,"XAF",21-JUN-24,19-JUN-24,29-MAY-28,6.5,1295216693,19-JUN-24,"040730818","ETAT DU CAMEROUN"
"099OTAP241730003","099","OTAP","L","MM",1000000000,1000000000,"XAF",21-JUN-24,19-JUN-24,29-MAY-30,7,415869901,19-JUN-24,"040730818","ETAT DU CAMEROUN"
"099OTAP241910002","099","OTAP","L","MM",3000000000,3000000000,"XAF",09-JUL-24,08-JUL-24,25-MAR-25,5.25,111983101,08-JUL-24,"040730820","ETAT DU GABON"
"099OTAP241860003","099","OTAP","L","MM",103970000,103970000,"XAF",04-JUL-24,03-JUL-24,30-JUL-25,7,7806350,03-JUL-24,"040730821","ETAT DE GUINEE EQUATORIALE"
"099OTAP241910003","099","OTAP","L","MM",1134820000,1134820000,"XAF",09-JUL-24,08-JUL-24,21-JAN-25,5.5,33604357,08-JUL-24,"040730820","ETAT DU GABON"
"099OTAP241920008","099","OTAP","L","MM",1000000000,1000000000,"XAF",10-JUL-24,09-JUL-24,29-MAY-27,6.25,180397111,09-JUL-24,"040730818","ETAT DU CAMEROUN"
"099OTAP242120002","099","OTAP","L","MM",2400000000,2400000000,"XAF",30-JUL-24,30-JUL-24,20-MAY-25,5.25,101344218,30-JUL-24,"040730820","ETAT DU GABON"
"099OTAP242070006","099","OTAP","L","MM",2000000000,2000000000,"XAF",25-JUL-24,25-JUL-24,11-MAR-26,5.75,187012950,25-JUL-24,"040730820","ETAT DU GABON"
"099OTAP242120003","099","OTAP","L","MM",5000000000,5000000000,"XAF",30-JUL-24,30-JUL-24,09-MAR-27,5.5,716941201,30-JUL-24,"040730818","ETAT DU CAMEROUN"
"099OTAP240730001","099","OTAP","L","MM",480700000,480700000,"XAF",13-MAR-24,06-MAR-24,09-JUL-24,7,11492145,06-MAR-24,"040730821","ETAT DE GUINEE EQUATORIALE"
"099OTAP241080001","099","OTAP","L","MM",3000000000,3000000000,"XAF",17-APR-24,17-APR-24,01-DEC-27,6.25,679259768,17-APR-24,"040730820","ETAT DU GABON"
"099OTAP241130004","099","OTAP","L","MM",4400000000,4400000000,"XAF",22-APR-24,19-APR-24,26-NOV-27,5.9,935483048,19-APR-24,"040730818","ETAT DU CAMEROUN"
"099OTAP241150001","099","OTAP","L","MM",1500000000,1500000000,"XAF",24-APR-24,23-APR-24,09-MAR-27,5.5,237172525,23-APR-24,"040730818","ETAT DU CAMEROUN"
"099OTAP241510002","099","OTAP","L","MM",5054100000,5054100000,"XAF",30-MAY-24,29-MAY-24,29-MAY-28,6.5,1314066000,29-MAY-24,"040730818","ETAT DU CAMEROUN"
"099OTAP241510003","099","OTAP","L","MM",1000000000,1000000000,"XAF",30-MAY-24,29-MAY-24,29-MAY-30,7,419886294,29-MAY-24,"040730818","ETAT DU CAMEROUN"
"099OTAP241510004","099","OTAP","L","MM",3000000000,3000000000,"XAF",30-MAY-24,29-MAY-24,20-DEC-25,6,280803503,29-MAY-24,"040730818","ETAT DU CAMEROUN"
"099OTAP241710004","099","OTAP","L","MM",5054100000,5054100000,"XAF",19-JUN-24,18-JUN-24,19-JUN-24,6.5,897586,18-JUN-24,"040730818","ETAT DU CAMEROUN"
"099OTAP241920006","099","OTAP","L","MM",1000000000,1000000000,"XAF",10-JUL-24,08-JUL-24,01-SEP-26,5.5,118214799,08-JUL-24,"040730820","ETAT DU GABON"
"099BTTR241940001","099","BTTR","L","MM",2000000000,2000000000,"XAF",12-JUL-24,12-JUL-24,03-JUL-25,6.25,123611111,12-JUL-24,"040730821","ETAT DE GUINEE EQUATORIALE"
"099TBTR241980001","099","TBTR","L","MM",2000000000,2000000000,"XAF",16-JUL-24,12-JUL-24,03-JUL-25,6.25,123611111,12-JUL-24,"040730821","ETAT DE GUINEE EQUATORIALE"
"099OTAP242070003","099","OTAP","L","MM",3000000000,3000000000,"XAF",25-JUL-24,23-JUL-24,17-MAY-27,5.5,464512239,23-JUL-24,"040730820","ETAT DU GABON"
"099TBTR242130001","099","TBTR","L","MM",1000000000,1000000000,"XAF",31-JUL-24,31-JUL-24,14-SEP-24,6,7500000,31-JUL-24,"040730818","ETAT DU CAMEROUN"
"099TBTR242130002","099","TBTR","L","MM",2000000000,2000000000,"XAF",31-JUL-24,31-JUL-24,02-OCT-24,6,21000000,31-JUL-24,"040730818","ETAT DU CAMEROUN"
"099OTAP242480003","099","OTAP","L","MM",2000000000,2000000000,"XAF",04-SEP-24,04-SEP-24,13-JAN-26,5.5,149381465,04-SEP-24,"040730820","ETAT DU GABON"
"099OTAP242480004","099","OTAP","L","MM",2000000000,2000000000,"XAF",04-SEP-24,04-SEP-24,09-DEC-26,5.75,260144135,04-SEP-24,"040730820","ETAT DU GABON"
"099OTAP242840001","099","OTAP","L","MM",500000000,500000000,"XAF",10-OCT-24,10-OCT-24,09-MAR-27,5.5,66284284,10-OCT-24,"040730818","ETAT DU CAMEROUN"
"099OTAP242550002","099","OTAP","L","MM",3500000000,3500000000,"XAF",11-SEP-24,10-SEP-24,13-JAN-26,5.5,258261827,10-SEP-24,"040730820","ETAT DU GABON"
"099TBTR233390001","099","TBTR","L","MM",3000000000,3000000000,"XAF",05-DEC-23,30-NOV-23,20-DEC-23,5.5,9166667,30-NOV-23,"040730818","ETAT DU CAMEROUN"
"099TBTR233110001","099","TBTR","L","MM",1000000000,1000000000,"XAF",07-NOV-23,06-NOV-23,19-FEB-24,6,17500000,06-NOV-23,"040730820","ETAT DU GABON"
"099TBTR233390001","099","TBTR","L","MM",3000000000,3000000000,"XAF",05-DEC-23,30-NOV-23,20-DEC-23,5.5,9166667,30-NOV-23,"040730818","ETAT DU CAMEROUN"
"099OTAP240320006","099","OTAP","L","MM",9000000000,9000000000,"XAF",01-FEB-24,01-FEB-24,26-NOV-27,5.9,2026651987,01-FEB-24,"040730818","ETAT DU CAMEROUN"
"099TBTR240320001","099","TBTR","L","MM",400000000,400000000,"XAF",01-FEB-24,01-FEB-24,17-APR-24,5.7,4813333,01-FEB-24,"040730818","ETAT DU CAMEROUN"
"099OTAP240430001","099","OTAP","L","MM",1931030000,1931030000,"XAF",12-FEB-24,08-FEB-24,01-FEB-27,5.9,339639744,08-FEB-24,"040730819","ETAT DU CONGO"
"099OTAP240460003","099","OTAP","L","MM",9000000000,9000000000,"XAF",15-FEB-24,15-FEB-24,26-NOV-27,5.9,2006340512,15-FEB-24,"040730818","ETAT DU CAMEROUN"
"099OTAP240460005","099","OTAP","L","MM",1000000000,1000000000,"XAF",15-FEB-24,15-FEB-24,09-MAR-27,5.5,168333595,15-FEB-24,"040730818","ETAT DU CAMEROUN"
"099OTAP240650001","099","OTAP","L","MM",2500000000,2500000000,"XAF",05-MAR-24,01-MAR-24,01-DEC-26,5.5,378280934,01-MAR-24,"040730820","ETAT DU GABON"
"099TBTR240780001","099","TBTR","L","MM",1044000000,1044000000,"XAF",18-MAR-24,15-MAR-24,17-APR-24,5.6,5359200,15-MAR-24,"040730818","ETAT DU CAMEROUN"
"099OTAP241440001","099","OTAP","L","MM",4400000000,4400000000,"XAF",23-MAY-24,23-MAY-24,09-MAR-27,5.5,675870005,23-MAY-24,"040730818","ETAT DU CAMEROUN"
"099OTAP241930003","099","OTAP","L","MM",4500000000,4500000000,"XAF",11-JUL-24,11-JUL-24,13-JAN-26,5.5,373300920,11-JUL-24,"040730820","ETAT DU GABON"
"099OTAP242120007","099","OTAP","L","MM",2600000000,2600000000,"XAF",30-JUL-24,30-JUL-24,01-DEC-27,6.25,542516936,30-JUL-24,"040730820","ETAT DU GABON"
"099OTAP242200003","099","OTAP","L","MM",3000000000,3000000000,"XAF",07-AUG-24,07-AUG-24,30-JUL-25,7,205166180,07-AUG-24,"040730821","ETAT DE GUINEE EQUATORIALE"
"099OTAP242260001","099","OTAP","L","MM",5000000000,5000000000,"XAF",13-AUG-24,13-AUG-24,09-MAR-27,5.5,706422075,13-AUG-24,"040730818","ETAT DU CAMEROUN"
"099OTAP242490008","099","OTAP","L","MM",491400000,491400000,"XAF",05-SEP-24,05-SEP-24,25-NOV-24,6.5,7068910,05-SEP-24,"040730820","ETAT DU GABON"
"099OTAP242550003","099","OTAP","L","MM",5054100000,5054100000,"XAF",11-SEP-24,11-SEP-24,29-MAY-28,6.5,1219819463,11-SEP-24,"040730818","ETAT DU CAMEROUN"
"099OTAP242950003","099","OTAP","L","MM",500000000,500000000,"XAF",21-OCT-24,21-OCT-24,17-MAY-27,5.5,70656411,21-OCT-24,"040730820","ETAT DU GABON"
"099OTAP233480001","099","OTAP","L","MM",5000000000,5000000000,"XAF",14-DEC-23,12-DEC-23,01-OCT-26,5.5,770753425,12-DEC-23,"040730818","ETAT DU CAMEROUN"
"099OTAP233620004","099","OTAP","L","MM",1500000000,1500000000,"XAF",28-DEC-23,27-DEC-23,14-DEC-26,6,266794521,27-DEC-23,"040730819","ETAT DU CONGO"
"099OTAP240330001","099","OTAP","L","MM",1000000000,1000000000,"XAF",02-FEB-24,01-FEB-24,14-JUN-24,5.6,20502732,01-FEB-24,"040730818","ETAT DU CAMEROUN"
"099TBTR240380001","099","TBTR","L","MM",3988000000,3988000000,"XAF",07-FEB-24,02-FEB-24,01-JAN-25,6.5,240498556,02-FEB-24,"040730818","ETAT DU CAMEROUN"
"099OTAP240640003","099","OTAP","L","MM",5000000000,5000000000,"XAF",04-MAR-24,29-FEB-24,26-MAR-26,5.5,568957070,29-FEB-24,"040730818","ETAT DU CAMEROUN"
"099OTAP240930002","099","OTAP","L","MM",1000000000,1000000000,"XAF",02-APR-24,01-APR-24,10-APR-25,5.7,58288143,01-APR-24,"040730818","ETAT DU CAMEROUN"
"099OTAP240950003","099","OTAP","L","MM",350500000,350500000,"XAF",04-APR-24,04-APR-24,22-DEC-24,5.5,13799740,04-APR-24,"040730819","ETAT DU CONGO"
"099OTAP241240005","099","OTAP","L","MM",1000000000,1000000000,"XAF",03-MAY-24,02-MAY-24,16-MAR-27,5.25,150643836,02-MAY-24,"040730818","ETAT DU CAMEROUN"
"099OTAP241240004","099","OTAP","L","MM",500000000,500000000,"XAF",03-MAY-24,02-MAY-24,01-OCT-26,5.5,66401826,02-MAY-24,"040730818","ETAT DU CAMEROUN"
"099OTAP241350001","099","OTAP","L","MM",2000000000,2000000000,"XAF",14-MAY-24,03-MAY-24,29-MAR-27,6,348274871,03-MAY-24,"040730820","ETAT DU GABON"
"099TBTR241710001","099","TBTR","L","MM",3893000000,3893000000,"XAF",19-JUN-24,14-JUN-24,01-JAN-25,6.5,141283458,14-JUN-24,"040730818","ETAT DU CAMEROUN"
"099OTAP242460001","099","OTAP","L","MM",521400000,521400000,"XAF",02-SEP-24,02-SEP-24,25-NOV-27,6.5,109441876,02-SEP-24,"040730820","ETAT DU GABON"
"099OTAP242070007","099","OTAP","L","MM",1000000000,1000000000,"XAF",25-JUL-24,25-JUL-24,15-DEC-28,6.5,285396175,25-JUL-24,"040730820","ETAT DU GABON"
"099OTAP242460002","099","OTAP","L","MM",982000000,982000000,"XAF",02-SEP-24,02-SEP-24,25-MAR-25,5.25,28767605,02-SEP-24,"040730820","ETAT DU GABON"
"099OTAP242540004","099","OTAP","L","MM",2960000000,2960000000,"XAF",10-SEP-24,10-SEP-24,20-DEC-25,6,226593883,10-SEP-24,"040730818","ETAT DU CAMEROUN"
"099OTAP243100002","099","OTAP","L","MM",250000000,250000000,"XAF",05-NOV-24,05-NOV-24,27-AUG-25,7,14136369,05-NOV-24,"040730821","ETAT DE GUINEE EQUATORIALE"
"099OTAP243200001","099","OTAP","L","MM",232300000,232300000,"XAF",15-NOV-24,15-NOV-24,27-AUG-25,7,12691224,15-NOV-24,"040730821","ETAT DE GUINEE EQUATORIALE"
"099OTAP233410004","099","OTAP","L","MM",3000000000,3000000000,"XAF",07-DEC-23,30-NOV-23,20-DEC-23,5.5,9041096,30-NOV-23,"040730818","ETAT DU CAMEROUN"
"099TBTR233420001","099","TBTR","L","MM",500000000,500000000,"XAF",08-DEC-23,07-DEC-23,07-MAR-24,6.4,8088889,07-DEC-23,"040730819","ETAT DU CONGO"
"099OTAP233560001","099","OTAP","L","MM",2500000000,2500000000,"XAF",22-DEC-23,19-DEC-23,15-JUL-28,6.25,714239931,19-DEC-23,"040730820","ETAT DU GABON"
"099OTAP233600001","099","OTAP","L","MM",1500000000,1500000000,"XAF",26-DEC-23,21-DEC-23,14-DEC-26,6,268273973,21-DEC-23,"040730819","ETAT DU CONGO"
"099TBTR240470002","099","TBTR","L","MM",5000000000,5000000000,"XAF",16-FEB-24,16-FEB-24,03-APR-24,5.5,35902778,16-FEB-24,"040730818","ETAT DU CAMEROUN"
"099TBTR240540004","099","TBTR","L","MM",1266000000,1266000000,"XAF",23-FEB-24,21-FEB-24,21-AUG-24,6.5,41602167,21-FEB-24,"040730818","ETAT DU CAMEROUN"
"099OTAP240540001","099","OTAP","L","MM",16500000,16500000,"XAF",23-FEB-24,21-FEB-24,19-JAN-26,5.75,1812085,21-FEB-24,"040730819","ETAT DU CONGO"
"099TBTR240680001","099","TBTR","L","MM",2400000000,2400000000,"XAF",08-MAR-24,08-MAR-24,17-APR-24,5.6,14933333,08-MAR-24,"040730818","ETAT DU CAMEROUN"
"099OTAP241370001","099","OTAP","L","MM",6600000000,6600000000,"XAF",16-MAY-24,16-MAY-24,26-NOV-27,5.9,1374498343,16-MAY-24,"040730818","ETAT DU CAMEROUN"
"099OTAP241920003","099","OTAP","L","MM",1000000000,1000000000,"XAF",10-JUL-24,08-JUL-24,09-DEC-26,5.75,139184089,08-JUL-24,"040730820","ETAT DU GABON"
"099OTAP241940003","099","OTAP","L","MM",260000000,260000000,"XAF",12-JUL-24,12-JUL-24,27-AUG-25,7,20470129,12-JUL-24,"040730821","ETAT DE GUINEE EQUATORIALE"
"099OTAP242120001","099","OTAP","L","MM",4000000000,4000000000,"XAF",30-JUL-24,30-JUL-24,26-NOV-27,5.9,784668643,30-JUL-24,"040730818","ETAT DU CAMEROUN"
"099OTAP242490004","099","OTAP","L","MM",4000000000,4000000000,"XAF",05-SEP-24,05-SEP-24,11-MAR-27,6.25,627861367,05-SEP-24,"040730820","ETAT DU GABON"
"099OTAP242490006","099","OTAP","L","MM",3000000000,3000000000,"XAF",05-SEP-24,05-SEP-24,30-JUL-25,7,188526836,05-SEP-24,"040730821","ETAT DE GUINEE EQUATORIALE"
"099OTAP242490007","099","OTAP","L","MM",1931030000,1931030000,"XAF",05-SEP-24,05-SEP-24,01-FEB-27,5.9,274269630,05-SEP-24,"040730819","ETAT DU CONGO"
"099OTAP242540001","099","OTAP","L","MM",5000000000,5000000000,"XAF",10-SEP-24,10-SEP-24,09-MAR-27,5.5,685383824,10-SEP-24,"040730818","ETAT DU CAMEROUN"
"099OTAP242540002","099","OTAP","L","MM",1554100000,1554100000,"XAF",10-SEP-24,10-SEP-24,21-JAN-25,5.5,31073566,10-SEP-24,"040730820","ETAT DU GABON"
"099TBTR243130001","099","TBTR","L","MM",1000000000,1000000000,"XAF",08-NOV-24,07-NOV-24,17-APR-25,6.7,29963889,07-NOV-24,"040730819","ETAT DU CONGO"
"099TBTR233400004","099","TBTR","L","MM",1000000000,1000000000,"XAF",06-DEC-23,06-NOV-23,09-FEB-24,6,15833333,06-NOV-23,"040730820","ETAT DU GABON"
"099OTAP233410001","099","OTAP","L","MM",2000000000,2000000000,"XAF",07-DEC-23,30-NOV-23,22-JAN-24,5.5,15955311,30-NOV-23,"040730820","ETAT DU GABON"
"099OTAP233630002","099","OTAP","L","MM",2000000000,2000000000,"XAF",29-DEC-23,26-DEC-23,15-JUL-28,6.25,568994686,26-DEC-23,"040730820","ETAT DU GABON"
"099OTAP240440002","099","OTAP","L","MM",105970000,105970000,"XAF",13-FEB-24,13-FEB-24,30-JUL-25,7,10814231,13-FEB-24,"040730821","ETAT DE GUINEE EQUATORIALE"
"099OTAP233630003","099","OTAP","L","MM",1500000000,1500000000,"XAF",29-DEC-23,28-DEC-23,14-DEC-26,6,266547945,28-DEC-23,"040730819","ETAT DU CONGO"
"099OTAP233630008","099","OTAP","L","MM",250000000,250000000,"XAF",29-DEC-23,29-DEC-23,19-JAN-26,5.75,29577055,29-DEC-23,"040730819","ETAT DU CONGO"
"099OTAP240510006","099","OTAP","L","MM",2500000000,2500000000,"XAF",20-FEB-24,20-FEB-24,01-DEC-27,6.25,590383824,20-FEB-24,"040730820","ETAT DU GABON"
"099OTAP240670001","099","OTAP","L","MM",1550000000,1550000000,"XAF",07-MAR-24,04-MAR-24,18-JUN-27,6,305797282,04-MAR-24,"040730818","ETAT DU CAMEROUN"
"099OTAP240670002","099","OTAP","L","MM",500000000,500000000,"XAF",07-MAR-24,04-MAR-24,01-OCT-26,5.5,70834886,04-MAR-24,"040730818","ETAT DU CAMEROUN"
"099TBTR240670001","099","TBTR","L","MM",2390000000,2390000000,"XAF",07-MAR-24,04-MAR-24,03-APR-24,5.5,10954167,04-MAR-24,"040730818","ETAT DU CAMEROUN"
"099OTAP240930004","099","OTAP","L","MM",500000000,500000000,"XAF",02-APR-24,01-APR-24,09-JUL-24,7,9467213,01-APR-24,"040730821","ETAT DE GUINEE EQUATORIALE"
"099OTAP241030001","099","OTAP","L","MM",4400000000,4400000000,"XAF",12-APR-24,12-APR-24,26-NOV-27,5.9,940448075,12-APR-24,"040730818","ETAT DU CAMEROUN"
"099OTAP242420002","099","OTAP","L","MM",2000000000,2000000000,"XAF",29-AUG-24,29-AUG-24,05-AUG-27,6.25,366663860,29-AUG-24,"040730820","ETAT DU GABON"
"099OTAP242460004","099","OTAP","L","MM",3000000000,3000000000,"XAF",02-SEP-24,02-SEP-24,19-MAY-27,5.75,467247867,02-SEP-24,"040730820","ETAT DU GABON"
"099OTAP242950001","099","OTAP","L","MM",3500000000,3500000000,"XAF",21-OCT-24,21-OCT-24,25-MAR-25,5.25,77931788,21-OCT-24,"040730820","ETAT DU GABON"
"099TBTR242950001","099","TBTR","L","MM",3793000000,3793000000,"XAF",21-OCT-24,21-OCT-24,01-JAN-25,6.5,49309000,21-OCT-24,"040730818","ETAT DU CAMEROUN"
"099OTAP242960001","099","OTAP","L","MM",7000000000,7000000000,"XAF",22-OCT-24,22-OCT-24,25-NOV-27,6.5,1407141739,22-OCT-24,"040730820","ETAT DU GABON"
"099OTAP243100003","099","OTAP","L","MM",2955000000,2955000000,"XAF",05-NOV-24,05-NOV-24,20-DEC-25,6,199083254,05-NOV-24,"040730818","ETAT DU CAMEROUN"
"099OTAP233470001","099","OTAP","L","MM",5000000000,5000000000,"XAF",13-DEC-23,12-DEC-23,26-NOV-27,5.9,1167068494,12-DEC-23,"040730818","ETAT DU CAMEROUN"
"099OTAP240090001","099","OTAP","L","MM",5000000000,5000000000,"XAF",09-JAN-24,09-JAN-24,01-OCT-26,5.5,749674003,09-JAN-24,"040730818","ETAT DU CAMEROUN"
"099OTAP240230001","099","OTAP","L","MM",5000000000,5000000000,"XAF",23-JAN-24,23-JAN-24,01-OCT-26,5.5,739154877,23-JAN-24,"040730818","ETAT DU CAMEROUN"
"099OTAP240460001","099","OTAP","L","MM",355500000,355500000,"XAF",15-FEB-24,09-FEB-24,22-DEC-24,5.5,16934816,09-FEB-24,"040730819","ETAT DU CONGO"
"099OTAP240470002","099","OTAP","L","MM",5000000000,5000000000,"XAF",16-FEB-24,16-FEB-24,14-JUN-24,5.6,91038251,16-FEB-24,"040730818","ETAT DU CAMEROUN"
"099TBTR240640002","099","TBTR","L","MM",320000000,320000000,"XAF",04-MAR-24,29-FEB-24,28-NOV-24,6.6,16016000,29-FEB-24,"040730821","ETAT DE GUINEE EQUATORIALE"
"099OTAP240640004","099","OTAP","L","MM",965840000,965840000,"XAF",04-MAR-24,28-FEB-24,16-NOV-28,6,273285219,28-FEB-24,"040730818","ETAT DU CAMEROUN"
"099OTAP240640005","099","OTAP","L","MM",5000000000,5000000000,"XAF",04-MAR-24,28-FEB-24,28-FEB-26,6,600130249,28-FEB-24,"040730818","ETAT DU CAMEROUN"
"099TBTR240680002","099","TBTR","L","MM",433000000,433000000,"XAF",08-MAR-24,08-MAR-24,06-JUN-24,6.21833,6731342,08-MAR-24,"040730819","ETAT DU CONGO"
"099TBTR240710001","099","TBTR","L","MM",1350000000,1350000000,"XAF",11-MAR-24,08-MAR-24,03-APR-24,5,4875000,08-MAR-24,"040730818","ETAT DU CAMEROUN"
"099OTAP240790002","099","OTAP","L","MM",8000000000,8000000000,"XAF",19-MAR-24,19-MAR-24,26-NOV-27,5.9,1740856411,19-MAR-24,"040730818","ETAT DU CAMEROUN"
"099OTAP241140001","099","OTAP","L","MM",521400000,521400000,"XAF",23-APR-24,19-APR-24,25-NOV-27,6.5,122035253,19-APR-24,"040730820","ETAT DU GABON"
"099OTAP241140003","099","OTAP","L","MM",54100000,54100000,"XAF",23-APR-24,23-APR-24,14-JUN-24,5.6,430435,23-APR-24,"040730818","ETAT DU CAMEROUN"
"099OTAP241450001","099","OTAP","L","MM",4000000000,4000000000,"XAF",24-MAY-24,23-MAY-24,25-SEP-25,6.5,348607082,23-MAY-24,"040730820","ETAT DU GABON"
"099OTAP241570002","099","OTAP","L","MM",6600000000,6600000000,"XAF",05-JUN-24,05-JUN-24,26-NOV-27,5.9,1353219655,05-JUN-24,"040730818","ETAT DU CAMEROUN"
"099OTAP241760001","099","OTAP","L","MM",2970000000,2970000000,"XAF",24-JUN-24,24-JUN-24,20-DEC-25,6,265336452,24-JUN-24,"040730818","ETAT DU CAMEROUN"
"099OTAP242070004","099","OTAP","L","MM",1000000000,1000000000,"XAF",25-JUL-24,23-JUL-24,01-SEP-26,5.5,115960700,23-JUL-24,"040730820","ETAT DU GABON"
"099TBTR233400005","099","TBTR","L","MM",2500000000,2500000000,"XAF",06-DEC-23,06-DEC-23,22-MAY-24,5.75,67083333,06-DEC-23,"040730818","ETAT DU CAMEROUN"
"099OTAP233420001","099","OTAP","L","MM",5000000000,5000000000,"XAF",08-DEC-23,07-DEC-23,26-NOV-27,5.9,1171109589,07-DEC-23,"040730818","ETAT DU CAMEROUN"
"099OTAP240320004","099","OTAP","L","MM",1000000000,1000000000,"XAF",01-FEB-24,01-FEB-24,09-MAR-27,5.5,170437420,01-FEB-24,"040730818","ETAT DU CAMEROUN"
"099OTAP240430003","099","OTAP","L","MM",360500000,360500000,"XAF",12-FEB-24,08-FEB-24,22-DEC-24,5.5,17227172,08-FEB-24,"040730819","ETAT DU CONGO"
"099OTAP240950002","099","OTAP","L","MM",3000000000,3000000000,"XAF",04-APR-24,03-APR-24,01-DEC-27,6.25,686431899,03-APR-24,"040730820","ETAT DU GABON"
"099OTAP241060002","099","OTAP","L","MM",3000000000,3000000000,"XAF",15-APR-24,15-APR-24,18-FEB-25,5.25,133027903,15-APR-24,"040730820","ETAT DU GABON"
"099OTAP241130002","099","OTAP","L","MM",54100000,54100000,"XAF",22-APR-24,22-APR-24,25-MAY-25,5.25,3091639,22-APR-24,"040730820","ETAT DU GABON"
"099OTAP241710001","099","OTAP","L","MM",1000000000,1000000000,"XAF",19-JUN-24,18-JUN-24,19-JUN-24,7,191257,18-JUN-24,"040730818","ETAT DU CAMEROUN"
"099OTAP242070008","099","OTAP","L","MM",1000000000,1000000000,"XAF",25-JUL-24,25-JUL-24,15-DEC-28,6.5,285396175,25-JUL-24,"040730820","ETAT DU GABON"
"099OTAP242010002","099","OTAP","L","MM",2000000000,2000000000,"XAF",19-JUL-24,19-JUL-24,11-MAR-26,5.75,188898196,19-JUL-24,"040730820","ETAT DU GABON"
"099TBTR242200001","099","TBTR","L","MM",1000000000,1000000000,"XAF",07-AUG-24,06-AUG-24,04-DEC-24,6.2,20666667,06-AUG-24,"040730818","ETAT DU CAMEROUN"
"099OTAP242420001","099","OTAP","L","MM",3433400000,3433400000,"XAF",29-AUG-24,29-AUG-24,01-SEP-26,5.5,379049390,29-AUG-24,"040730820","ETAT DU GABON"
"099OTAP242460003","099","OTAP","L","MM",930000000,930000000,"XAF",02-SEP-24,02-SEP-24,09-DEC-26,5.75,121259235,02-SEP-24,"040730820","ETAT DU GABON"
"099OTAP242490001","099","OTAP","L","MM",3000000000,3000000000,"XAF",05-SEP-24,04-SEP-24,17-MAY-27,5.5,445126993,04-SEP-24,"040730820","ETAT DU GABON"
"099OTAP242490002","099","OTAP","L","MM",3000000000,3000000000,"XAF",05-SEP-24,04-SEP-24,25-MAR-25,5.25,87024084,04-SEP-24,"040730820","ETAT DU GABON"
"099OTAP242910002","099","OTAP","L","MM",4500000000,4500000000,"XAF",17-OCT-24,17-OCT-24,26-NOV-27,5.9,825444847,17-OCT-24,"040730818","ETAT DU CAMEROUN"
"099OTAP242850001","099","OTAP","L","MM",7000000000,7000000000,"XAF",11-OCT-24,11-OCT-24,25-NOV-27,6.5,1420816603,11-OCT-24,"040730820","ETAT DU GABON"
"099OTAP243270001","099","OTAP","L","MM",229300000,229300000,"XAF",22-NOV-24,21-NOV-24,27-AUG-25,7,12264195,21-NOV-24,"040730821","ETAT DE GUINEE EQUATORIALE"
"099OTAP233530001","099","OTAP","L","MM",930000000,930000000,"XAF",19-DEC-23,18-DEC-23,09-DEC-26,5.75,159106438,18-DEC-23,"040730820","ETAT DU GABON"
"099OTAP233600002","099","OTAP","L","MM",500000000,500000000,"XAF",26-DEC-23,21-DEC-23,09-JUL-24,7,19224194,21-DEC-23,"040730821","ETAT DE GUINEE EQUATORIALE"
"099TBTR233630002","099","TBTR","L","MM",6000000000,6000000000,"XAF",29-DEC-23,29-DEC-23,10-JAN-24,5,10000000,29-DEC-23,"040730818","ETAT DU CAMEROUN"
"099OTAP240310001","099","OTAP","L","MM",70000000,70000000,"XAF",31-JAN-24,31-JAN-24,19-JAN-26,5.75,7918575,31-JAN-24,"040730819","ETAT DU CONGO"
"099OTAP240320003","099","OTAP","L","MM",371000000,371000000,"XAF",01-FEB-24,30-JAN-24,22-DEC-24,5.5,18230697,30-JAN-24,"040730819","ETAT DU CONGO"
"099OTAP240470004","099","OTAP","L","MM",982000000,982000000,"XAF",16-FEB-24,14-FEB-24,25-MAR-25,5.25,57080597,14-FEB-24,"040730820","ETAT DU GABON"
"099OTAP240510004","099","OTAP","L","MM",2500000000,2500000000,"XAF",20-FEB-24,20-FEB-24,01-DEC-26,5.5,382037765,20-FEB-24,"040730820","ETAT DU GABON"
"099TBTR240640001","099","TBTR","L","MM",450000000,450000000,"XAF",04-MAR-24,29-FEB-24,20-JUN-24,6.45,9030000,29-FEB-24,"040730821","ETAT DE GUINEE EQUATORIALE"
"099OTAP240930001","099","OTAP","L","MM",2500000000,2500000000,"XAF",02-APR-24,28-MAR-24,28-MAR-26,5.5,274712834,28-MAR-24,"040730819","ETAT DU CONGO"
"099OTAP241030002","099","OTAP","L","MM",2500000000,2500000000,"XAF",12-APR-24,12-APR-24,25-MAR-25,5.25,124518021,12-APR-24,"040730820","ETAT DU GABON"
"099TBTR241340001","099","TBTR","L","MM",266000000,266000000,"XAF",13-MAY-24,10-MAY-24,21-AUG-24,6.5,4946861,10-MAY-24,"040730818","ETAT DU CAMEROUN"
"099OTAP241570001","099","OTAP","L","MM",3000000000,3000000000,"XAF",05-JUN-24,03-JUN-24,19-MAY-27,5.75,510137211,03-JUN-24,"040730820","ETAT DU GABON"
"099OTAP241730001","099","OTAP","L","MM",3000000000,3000000000,"XAF",21-JUN-24,19-JUN-24,20-DEC-25,6,270475635,19-JUN-24,"040730818","ETAT DU CAMEROUN"
"099OTAP242600001","099","OTAP","L","MM",2500000000,2500000000,"XAF",16-SEP-24,16-SEP-24,28-JUL-26,5.5,256054251,16-SEP-24,"040730820","ETAT DU GABON"
"099OTAP241990003","099","OTAP","L","MM",4000000000,4000000000,"XAF",17-JUL-24,17-JUL-24,26-NOV-27,5.9,793051157,17-JUL-24,"040730818","ETAT DU CAMEROUN"
"099TBTR242130004","099","TBTR","L","MM",1000000000,1000000000,"XAF",31-JUL-24,31-JUL-24,22-JAN-25,6,29166667,31-JUL-24,"040730818","ETAT DU CAMEROUN"
"099OTAP242640001","099","OTAP","L","MM",5000000000,5000000000,"XAF",20-SEP-24,20-SEP-24,18-JUN-27,6,822508422,20-SEP-24,"040730818","ETAT DU CAMEROUN"
"099OTAP243310002","099","OTAP","L","MM",5500000000,5500000000,"XAF",26-NOV-24,26-NOV-24,15-JUN-26,6,511637098,26-NOV-24,"040730819","ETAT DU CONGO"
"099OTAP233620005","099","OTAP","L","MM",1500000000,1500000000,"XAF",28-DEC-23,26-DEC-23,05-OCT-26,5.75,239373287,26-DEC-23,"040730819","ETAT DU CONGO"
"099TBTR240360001","099","TBTR","L","MM",5000000000,5000000000,"XAF",05-FEB-24,05-FEB-24,12-JUN-24,6.15,109333333,05-FEB-24,"040730818","ETAT DU CAMEROUN"
"099OTAP240640001","099","OTAP","L","MM",500000000,500000000,"XAF",04-MAR-24,01-MAR-24,01-MAR-26,5.4,53938154,01-MAR-24,"040730819","ETAT DU CONGO"
"099OTAP240400001","099","OTAP","L","MM",1931030000,1931030000,"XAF",09-FEB-24,07-FEB-24,09-DEC-26,5.75,314881227,07-FEB-24,"040730820","ETAT DU GABON"
"099TBTR240510004","099","TBTR","L","MM",3740000000,3740000000,"XAF",20-FEB-24,19-FEB-24,03-APR-24,5.5,25141111,19-FEB-24,"040730818","ETAT DU CAMEROUN"
"099OTAP241060001","099","OTAP","L","MM",2500000000,2500000000,"XAF",15-APR-24,15-APR-24,28-MAR-26,5.5,267950539,15-APR-24,"040730819","ETAT DU CONGO"
"099OTAP241240006","099","OTAP","L","MM",2700000000,2700000000,"XAF",03-MAY-24,02-MAY-24,02-MAY-27,6,485704110,02-MAY-24,"040730820","ETAT DU GABON"
"099OTAP241240006","099","OTAP","L","MM",2700000000,2700000000,"XAF",03-MAY-24,02-MAY-24,02-MAY-27,6,485704110,02-MAY-24,"040730820","ETAT DU GABON"
"099OTAP241500001","099","OTAP","L","MM",2700000000,2700000000,"XAF",29-MAY-24,02-MAY-24,29-MAR-27,6,470613699,02-MAY-24,"040730820","ETAT DU GABON"
"099OTAP241500002","099","OTAP","L","MM",3000000000,3000000000,"XAF",29-MAY-24,29-MAY-24,01-DEC-28,6.75,912909836,29-MAY-24,"040730820","ETAT DU GABON"
"099TBTR241790001","099","TBTR","L","MM",5941000000,5941000000,"XAF",27-JUN-24,26-JUN-24,25-DEC-24,6.6,198231367,26-JUN-24,"040730818","ETAT DU CAMEROUN"
"099TBTR242070001","099","TBTR","L","MM",1000000000,1000000000,"XAF",25-JUL-24,25-JUL-24,24-OCT-24,6.45,16304167,25-JUL-24,"040730819","ETAT DU CONGO"
"099TBTR242130003","099","TBTR","L","MM",1000000000,1000000000,"XAF",31-JUL-24,31-JUL-24,25-DEC-24,6,24500000,31-JUL-24,"040730818","ETAT DU CAMEROUN"
"099OTAP242490003","099","OTAP","L","MM",2000000000,2000000000,"XAF",05-SEP-24,05-SEP-24,15-DEC-28,6.5,555874317,05-SEP-24,"040730820","ETAT DU GABON"
"099OTAP242490005","099","OTAP","L","MM",2000000000,2000000000,"XAF",05-SEP-24,05-SEP-24,11-MAR-26,5.75,173816229,05-SEP-24,"040730820","ETAT DU GABON"
"099TBTR242980001","099","TBTR","L","MM",2513000000,2513000000,"XAF",24-OCT-24,23-OCT-24,23-APR-25,6.6,83850433,23-OCT-24,"040730818","ETAT DU CAMEROUN"
"099OTAP243320002","099","OTAP","L","MM",3000000000,3000000000,"XAF",27-NOV-24,27-NOV-24,01-MAR-26,5.4,203678104,27-NOV-24,"040730819","ETAT DU CONGO"
"099OTAP243340001","099","OTAP","L","MM",3000000000,3000000000,"XAF",29-NOV-24,29-NOV-24,19-MAY-27,5.75,425772457,29-NOV-24,"040730820","ETAT DU GABON"
"099OTAP250060001","099","OTAP","L","MM",2755000000,2755000000,"XAF",06-JAN-25,06-JAN-25,20-DEC-25,6,157601096,06-JAN-25,"040730818","ETAT DU CAMEROUN"
"099TBTR250290002","099","TBTR","L","MM",9000000000,9000000000,"XAF",29-JAN-25,29-JAN-25,30-JUL-25,6.5,295750000,29-JAN-25,"040730818","ETAT DU CAMEROUN"
"099OTAP250350003","099","OTAP","L","MM",1000000000,1000000000,"XAF",04-FEB-25,04-FEB-25,16-MAR-27,5.25,110753425,04-FEB-25,"040730818","ETAT DU CAMEROUN"
"099OTAP250570001","099","OTAP","L","MM",1000000000,1000000000,"XAF",26-FEB-25,21-FEB-25,21-FEB-30,6.75,337500000,21-FEB-25,"040730820","ETAT DU GABON"
"099OTAP250860001","099","OTAP","L","MM",2000000000,2000000000,"XAF",27-MAR-25,27-MAR-25,09-MAR-27,5.5,214575342,27-MAR-25,"040730818","ETAT DU CAMEROUN"
"099OTAP251060001","099","OTAP","L","MM",2500000000,2500000000,"XAF",16-APR-25,16-APR-25,28-MAR-29,6.5,641541096,16-APR-25,"040730820","ETAT DU GABON"
"099TBTR251150004","099","TBTR","L","MM",2000000000,2000000000,"XAF",25-APR-25,25-APR-25,03-SEP-25,6.2,45122222,25-APR-25,"040730818","ETAT DU CAMEROUN"
"099OTAP251430002","099","OTAP","L","MM",1000000000,1000000000,"XAF",23-MAY-25,23-MAY-25,20-MAR-27,5.75,104917808,23-MAY-25,"040730819","ETAT DU CONGO"
"099OTAP251190004","099","OTAP","L","MM",1000000000,1000000000,"XAF",29-APR-25,28-APR-25,21-FEB-28,5.75,162080788,28-APR-25,"040730820","ETAT DU GABON"
"099OTAP250350006","099","OTAP","L","MM",16500000,16500000,"XAF",04-FEB-25,04-FEB-25,19-JAN-26,5.75,907161,04-FEB-25,"040730819","ETAT DU CONGO"
"099OTAP250350007","099","OTAP","L","MM",20000000,20000000,"XAF",04-FEB-25,04-FEB-25,18-JUN-27,6,2840548,04-FEB-25,"040730818","ETAT DU CAMEROUN"
"099TBTR250480001","099","TBTR","L","MM",3500000000,3500000000,"XAF",17-FEB-25,17-FEB-25,20-JUL-25,6.5,96687500,17-FEB-25,"040730818","ETAT DU CAMEROUN"
"099TBTR250850001","099","TBTR","L","MM",1500000000,1500000000,"XAF",26-MAR-25,17-MAR-25,20-JUL-25,6.5,33854167,17-MAR-25,"040730818","ETAT DU CAMEROUN"
"099TBTR251130002","099","TBTR","L","MM",2000000000,2000000000,"XAF",23-APR-25,23-APR-25,23-JUL-25,6.25,31597222,23-APR-25,"040730818","ETAT DU CAMEROUN"
"099TBTR251130003","099","TBTR","L","MM",5000000000,5000000000,"XAF",23-APR-25,23-APR-25,23-JUL-25,6,75833333,23-APR-25,"040730818","ETAT DU CAMEROUN"
"099OTAP251560005","099","OTAP","L","MM",5000000000,5000000000,"XAF",05-JUN-25,05-JUN-25,02-MAY-30,6.75,1656061644,05-JUN-25,"040730820","ETAT DU GABON"
"099OTAP251610002","099","OTAP","L","MM",5004100000,5004100000,"XAF",10-JUN-25,10-JUN-25,29-AUG-28,6.5,1047395139,10-JUN-25,"040730818","ETAT DU CAMEROUN"
"099OTAP250060004","099","OTAP","L","MM",3500000000,3500000000,"XAF",06-JAN-25,06-JAN-25,25-MAR-25,5.25,39267123,06-JAN-25,"040730820","ETAT DU GABON"
"099OTAP250210001","099","OTAP","L","MM",2000000000,2000000000,"XAF",21-JAN-25,21-JAN-25,11-MAR-27,6.25,266780822,21-JAN-25,"040730820","ETAT DU GABON"
"099OTAP250240001","099","OTAP","L","MM",1500000000,1500000000,"XAF",24-JAN-25,24-JAN-25,25-NOV-27,6.5,276472603,24-JAN-25,"040730820","ETAT DU GABON"
"099OTAP250430001","099","OTAP","L","MM",5000000000,5000000000,"XAF",12-FEB-25,12-FEB-25,26-NOV-27,5.9,821958904,12-FEB-25,"040730818","ETAT DU CAMEROUN"
"099TBTR250920001","099","TBTR","L","MM",500000000,500000000,"XAF",02-APR-25,02-APR-25,30-JUL-25,6.5,10743056,02-APR-25,"040730820","ETAT DU GABON"
"099OTAP251220001","099","OTAP","L","MM",4200000000,4200000000,"XAF",02-MAY-25,02-MAY-25,26-AUG-28,6,836329126,02-MAY-25,"040730818","ETAT DU CAMEROUN"
"099OTAP251290001","099","OTAP","L","MM",8000000,8000000,"XAF",09-MAY-25,09-MAY-25,27-AUG-25,7,168767,09-MAY-25,"040730821","ETAT DE GUINEE EQUATORIALE"
"099OTAP251330004","099","OTAP","L","MM",1000000000,1000000000,"XAF",13-MAY-25,12-MAY-25,21-FEB-30,6.75,322705480,12-MAY-25,"040730820","ETAT DU GABON"
"099OTAP251610004","099","OTAP","L","MM",4950000000,4950000000,"XAF",10-JUN-25,10-JUN-25,28-FEB-26,6,214002740,10-JUN-25,"040730818","ETAT DU CAMEROUN"
"099OTAP250070002","099","OTAP","L","MM",6685350000,6685350000,"XAF",07-JAN-25,07-JAN-25,18-FEB-27,6.25,883748322,07-JAN-25,"040730820","ETAT DU GABON"
"099OTAP250080001","099","OTAP","L","MM",2735000000,2735000000,"XAF",08-JAN-25,07-JAN-25,20-DEC-25,6,156007397,07-JAN-25,"040730818","ETAT DU CAMEROUN"
"099OTAP250170001","099","OTAP","L","MM",5000000000,5000000000,"XAF",17-JAN-25,17-JAN-25,26-NOV-27,5.9,842972603,17-JAN-25,"040730818","ETAT DU CAMEROUN"
"099OTAP250200001","099","OTAP","L","MM",2000000000,2000000000,"XAF",20-JAN-25,20-JAN-25,11-MAR-27,6.25,267123288,20-JAN-25,"040730820","ETAT DU GABON"
"099OTAP250300003","099","OTAP","L","MM",5000000000,5000000000,"XAF",30-JAN-25,29-JAN-25,18-JUN-27,6,715068493,29-JAN-25,"040730818","ETAT DU CAMEROUN"
"099OTAP251190005","099","OTAP","L","MM",500000000,500000000,"XAF",29-APR-25,28-APR-25,09-FEB-27,5.5,49123288,28-APR-25,"040730820","ETAT DU GABON"
"099OTAP250930002","099","OTAP","L","MM",5000000000,5000000000,"XAF",03-APR-25,03-APR-25,21-MAR-28,5.75,852875777,03-APR-25,"040730820","ETAT DU GABON"
"099OTAP251270002","099","OTAP","L","MM",6120000000,6120000000,"XAF",07-MAY-25,02-MAY-25,02-MAY-27,6.25,765000000,02-MAY-25,"040730820","ETAT DU GABON"
"099OTAP251320001","099","OTAP","L","MM",2975000000,2975000000,"XAF",12-MAY-25,12-MAY-25,25-NOV-27,6.5,491119521,12-MAY-25,"040730820","ETAT DU GABON"
"099OTAP250060002","099","OTAP","L","MM",3185350000,3185350000,"XAF",06-JAN-25,06-JAN-25,13-JAN-26,5.5,178554140,06-JAN-25,"040730820","ETAT DU GABON"
"099OTAP250280001","099","OTAP","L","MM",4685350000,4685350000,"XAF",28-JAN-25,28-JAN-25,18-FEB-27,6.25,602516755,28-JAN-25,"040730820","ETAT DU GABON"
"099OTAP250270001","099","OTAP","L","MM",205210000,205210000,"XAF",27-JAN-25,27-JAN-25,27-AUG-25,7,8343333,27-JAN-25,"040730821","ETAT DE GUINEE EQUATORIALE"
"099OTAP250440001","099","OTAP","L","MM",5000000000,5000000000,"XAF",13-FEB-25,13-FEB-25,18-JUN-27,6,702739726,13-FEB-25,"040730818","ETAT DU CAMEROUN"
"099TBTR250590001","099","TBTR","L","MM",3000000000,3000000000,"XAF",28-FEB-25,24-FEB-25,20-JUL-25,6.25,76041667,24-FEB-25,"040730818","ETAT DU CAMEROUN"
"099TBTR250650001","099","TBTR","L","MM",2500000000,2500000000,"XAF",06-MAR-25,06-MAR-25,20-JUL-25,6.5,61388889,06-MAR-25,"040730818","ETAT DU CAMEROUN"
"099OTAP250870001","099","OTAP","L","MM",2000000000,2000000000,"XAF",28-MAR-25,28-MAR-25,20-MAR-27,5.75,227479452,28-MAR-25,"040730819","ETAT DU CONGO"
"099OTAP250870002","099","OTAP","L","MM",2000000000,2000000000,"XAF",28-MAR-25,28-MAR-25,05-AUG-27,6.25,294520548,28-MAR-25,"040730820","ETAT DU GABON"
"099OTAP251190008","099","OTAP","L","MM",2500000000,2500000000,"XAF",29-APR-25,28-APR-25,05-AUG-27,6.25,354880137,28-APR-25,"040730820","ETAT DU GABON"
"099TBTR251200001","099","TBTR","L","MM",2000000000,2000000000,"XAF",30-APR-25,30-APR-25,29-APR-26,6.9,139533333,30-APR-25,"040730818","ETAT DU CAMEROUN"
"099OTAP250350001","099","OTAP","L","MM",1530000000,1530000000,"XAF",04-FEB-25,04-FEB-25,18-JUN-27,6,217301918,04-FEB-25,"040730818","ETAT DU CAMEROUN"
"099TBTR250350001","099","TBTR","L","MM",250000000,250000000,"XAF",04-FEB-25,04-FEB-25,14-MAY-25,6.85,4709375,04-FEB-25,"040730818","ETAT DU CAMEROUN"
"099OTAP250790003","099","OTAP","L","MM",2000000000,2000000000,"XAF",20-MAR-25,20-MAR-25,20-MAR-27,5.75,230000000,20-MAR-25,"040730819","ETAT DU CONGO"
"099OTAP250630001","099","OTAP","L","MM",15420000,15420000,"XAF",04-MAR-25,28-FEB-25,18-JUN-27,6,2129227,28-FEB-25,"040730818","ETAT DU CAMEROUN"
"099OTAP251330003","099","OTAP","L","MM",3000000000,3000000000,"XAF",13-MAY-25,12-MAY-25,09-JAN-27,5.5,274397260,12-MAY-25,"040730819","ETAT DU CONGO"
"099OTAP250840003","099","OTAP","L","MM",3000000,3000000,"XAF",25-MAR-25,25-MAR-25,27-AUG-25,7,89178,25-MAR-25,"040730821","ETAT DE GUINEE EQUATORIALE"
"099TBTR251150003","099","TBTR","L","MM",2973000000,2973000000,"XAF",25-APR-25,25-APR-25,23-JUL-25,6,44099500,25-APR-25,"040730818","ETAT DU CAMEROUN"
"099OTAP250860003","099","OTAP","L","MM",10000000,10000000,"XAF",27-MAR-25,27-MAR-25,01-DEC-28,6.75,2485636,27-MAR-25,"040730820","ETAT DU GABON"
"099OTAP251180001","099","OTAP","L","MM",3000000000,3000000000,"XAF",28-APR-25,28-APR-25,14-SEP-25,5.5,62835616,28-APR-25,"040730819","ETAT DU CONGO"
"099OTAP251200001","099","OTAP","L","MM",4200000000,4200000000,"XAF",30-APR-25,30-APR-25,26-NOV-27,5.9,638169863,30-APR-25,"040730818","ETAT DU CAMEROUN"
"099OTAP251430001","099","OTAP","L","MM",5004100000,5004100000,"XAF",23-MAY-25,23-MAY-25,29-MAY-28,6.5,981674700,23-MAY-25,"040730818","ETAT DU CAMEROUN"
"099OTAP251560001","099","OTAP","L","MM",2950000000,2950000000,"XAF",05-JUN-25,05-JUN-25,25-NOV-27,6.5,474384247,05-JUN-25,"040730820","ETAT DU GABON"
"099TBTR250150001","099","TBTR","L","MM",5000000000,5000000000,"XAF",15-JAN-25,15-JAN-25,16-APR-25,6.4,80888889,15-JAN-25,"040730818","ETAT DU CAMEROUN"
"099OTAP250150001","099","OTAP","L","MM",4950000000,4950000000,"XAF",15-JAN-25,15-JAN-25,28-FEB-26,6,332802740,15-JAN-25,"040730818","ETAT DU CAMEROUN"
"099OTAP250380003","099","OTAP","L","MM",60000000,60000000,"XAF",07-FEB-25,07-FEB-25,19-JAN-26,5.75,3270411,07-FEB-25,"040730819","ETAT DU CONGO"
"099TBTR250500001","099","TBTR","L","MM",2000000000,2000000000,"XAF",19-FEB-25,19-FEB-25,15-JAN-26,6.74,123566667,19-FEB-25,"040730821","ETAT DE GUINEE EQUATORIALE"
"099TBTR250660003","099","TBTR","L","MM",4750000000,4750000000,"XAF",07-MAR-25,07-MAR-25,11-JUN-25,6.5,82333333,07-MAR-25,"040730818","ETAT DU CAMEROUN"
"099OTAP251010001","099","OTAP","L","MM",34290000,34290000,"XAF",11-APR-25,11-APR-25,27-AUG-25,7,907511,11-APR-25,"040730818","ETAT DU CAMEROUN"
"099OTAP250790002","099","OTAP","L","MM",185950000,185950000,"XAF",20-MAR-25,17-MAR-25,27-AUG-25,7,5812848,17-MAR-25,"040730821","ETAT DE GUINEE EQUATORIALE"
"099TBTR251130001","099","TBTR","L","MM",3000000000,3000000000,"XAF",23-APR-25,23-APR-25,22-APR-26,6.7,203233333,23-APR-25,"040730818","ETAT DU CAMEROUN"
"099OTAP251190006","099","OTAP","L","MM",500000000,500000000,"XAF",29-APR-25,28-APR-25,01-DEC-26,5.5,43849315,28-APR-25,"040730820","ETAT DU GABON"
"099OTAP250800001","099","OTAP","L","MM",5000000000,5000000000,"XAF",21-MAR-25,21-MAR-25,21-MAR-28,5.75,863115503,21-MAR-25,"040730820","ETAT DU GABON"
"099OTAP251190010","099","OTAP","L","MM",500000000,500000000,"XAF",29-APR-25,28-APR-25,20-MAY-26,5.75,30482877,28-APR-25,"040730820","ETAT DU GABON"
"099OTAP251330002","099","OTAP","L","MM",2000000000,2000000000,"XAF",13-MAY-25,12-MAY-25,15-DEC-28,6.5,467304215,12-MAY-25,"040730820","ETAT DU GABON"
"099OTAP250350004","099","OTAP","L","MM",1000000000,1000000000,"XAF",04-FEB-25,04-FEB-25,29-MAY-27,6.25,144520548,04-FEB-25,"040730818","ETAT DU CAMEROUN"
"099OTAP250290002","099","OTAP","L","MM",1947530000,1947530000,"XAF",29-JAN-25,29-JAN-25,05-NOV-25,6.5,97109715,29-JAN-25,"040730819","ETAT DU CONGO"
"099OTAP250350008","099","OTAP","L","MM",217550000,217550000,"XAF",04-FEB-25,04-FEB-25,25-NOV-27,6.5,39671584,04-FEB-25,"040730820","ETAT DU GABON"
"099OTAP250360003","099","OTAP","L","MM",1931030000,1931030000,"XAF",05-FEB-25,04-FEB-25,01-FEB-27,5.9,226925123,04-FEB-25,"040730819","ETAT DU CONGO"
"099OTAP250360004","099","OTAP","L","MM",250000000,250000000,"XAF",05-FEB-25,04-FEB-25,16-NOV-28,6,56717494,04-FEB-25,"040730818","ETAT DU CAMEROUN"
"099OTAP251550001","099","OTAP","L","MM",2810000000,2810000000,"XAF",04-JUN-25,02-JUN-25,19-MAY-27,5.75,316952603,02-JUN-25,"040730820","ETAT DU GABON"
"099OTAP250800004","099","OTAP","L","MM",8500000,8500000,"XAF",21-MAR-25,21-MAR-25,30-JUL-25,7,213548,21-MAR-25,"040730821","ETAT DE GUINEE EQUATORIALE"
"099OTAP250100003","099","OTAP","L","MM",3000000000,3000000000,"XAF",10-JAN-25,10-JAN-25,31-MAR-27,6,399452055,10-JAN-25,"040730819","ETAT DU CONGO"
"099OTAP250970001","099","OTAP","L","MM",179950000,179950000,"XAF",07-APR-25,03-APR-25,27-AUG-25,7,5038600,03-APR-25,"040730821","ETAT DE GUINEE EQUATORIALE"
"099OTAP250300002","099","OTAP","L","MM",5050000000,5050000000,"XAF",30-JAN-25,29-JAN-25,29-MAY-26,6,402616438,29-JAN-25,"040730818","ETAT DU CAMEROUN"
"099OTAP251560004","099","OTAP","L","MM",1120000000,1120000000,"XAF",05-JUN-25,05-JUN-25,02-MAY-27,6.25,133479452,05-JUN-25,"040730820","ETAT DU GABON"
"099OTAP250100001","099","OTAP","L","MM",2000000000,2000000000,"XAF",10-JAN-25,10-JAN-25,11-MAR-27,6.25,270547945,10-JAN-25,"040730820","ETAT DU GABON"
"099OTAP250350005","099","OTAP","L","MM",1000000000,1000000000,"XAF",04-FEB-25,04-FEB-25,29-MAY-30,7,371863014,04-FEB-25,"040730818","ETAT DU CAMEROUN"
"099OTAP250380001","099","OTAP","L","MM",3000000000,3000000000,"XAF",07-FEB-25,07-FEB-25,09-JAN-27,5.5,316890411,07-FEB-25,"040730819","ETAT DU CONGO"
"099TBTR250590003","099","TBTR","L","MM",2500000000,2500000000,"XAF",28-FEB-25,24-FEB-25,20-JUL-25,54.3151,550694764,24-FEB-25,"040730818","ETAT DU CAMEROUN"
"099TBTR250770002","099","TBTR","L","MM",1755000000,1755000000,"XAF",18-MAR-25,17-MAR-25,15-JAN-26,6.74,99886800,17-MAR-25,"040730821","ETAT DE GUINEE EQUATORIALE"
"099OTAP250930001","099","OTAP","L","MM",4200000000,4200000000,"XAF",03-APR-25,03-APR-25,26-MAR-28,6,751006782,03-APR-25,"040730818","ETAT DU CAMEROUN"
"099OTAP251190003","099","OTAP","L","MM",600000000,600000000,"XAF",29-APR-25,28-APR-25,13-AUG-26,6.25,48493151,28-APR-25,"040730820","ETAT DU GABON"
"099OTAP251260001","099","OTAP","L","MM",10000000,10000000,"XAF",06-MAY-25,06-MAY-25,28-AUG-25,7,218630,06-MAY-25,"040730821","ETAT DE GUINEE EQUATORIALE"
"099OTAP251330001","099","OTAP","L","MM",3000000000,3000000000,"XAF",13-MAY-25,12-MAY-25,19-MAY-27,5.75,348308219,12-MAY-25,"040730820","ETAT DU GABON"
"099OTAP251560003","099","OTAP","L","MM",6500000,6500000,"XAF",05-JUN-25,05-JUN-25,19-JAN-26,5.75,233466,05-JUN-25,"040730819","ETAT DU CONGO"
"099TBTR251480001","099","TBTR","L","MM",2027000000,2027000000,"XAF",28-MAY-25,28-MAY-25,23-JUL-25,5.5,17342111,28-MAY-25,"040730818","ETAT DU CAMEROUN"
"099OTAP251630001","099","OTAP","L","MM",3440000,3440000,"XAF",12-JUN-25,12-JUN-25,27-AUG-25,7,50139,12-JUN-25,"040730821","ETAT DE GUINEE EQUATORIALE"
"099OTAP250090002","099","OTAP","L","MM",4950000000,4950000000,"XAF",09-JAN-25,09-JAN-25,18-JUN-27,6,724191781,09-JAN-25,"040730818","ETAT DU CAMEROUN"
"099TBTR250160004","099","TBTR","L","MM",3000000000,3000000000,"XAF",16-JAN-25,16-JAN-25,15-JAN-26,6.74,204446667,16-JAN-25,"040730821","ETAT DE GUINEE EQUATORIALE"
"099OTAP250340002","099","OTAP","L","MM",2685000000,2685000000,"XAF",03-FEB-25,03-FEB-25,20-DEC-25,6,141238356,03-FEB-25,"040730818","ETAT DU CAMEROUN"
"099OTAP250370001","099","OTAP","L","MM",4681750000,4681750000,"XAF",06-FEB-25,06-FEB-25,18-FEB-27,6.25,594838784,06-FEB-25,"040730820","ETAT DU GABON"
"099OTAP250500001","099","OTAP","L","MM",4533333333,4533333333,"XAF",19-FEB-25,20-JAN-25,19-JAN-27,6,543254794,20-JAN-25,"040730820","ETAT DU GABON"
"099OTAP250870003","099","OTAP","L","MM",642400000,642400000,"XAF",28-MAR-25,28-MAR-25,16-SEP-26,5.75,54344400,28-MAR-25,"040730820","ETAT DU GABON"
"099OTAP250150002","099","OTAP","L","MM",4950000000,4950000000,"XAF",15-JAN-25,15-JAN-25,18-JUN-27,6,719309589,15-JAN-25,"040730818","ETAT DU CAMEROUN"
"099OTAP251180002","099","OTAP","L","MM",1500000000,1500000000,"XAF",28-APR-25,28-APR-25,21-FEB-27,5,136438356,28-APR-25,"040730820","ETAT DU GABON"
"099OTAP250800005","099","OTAP","L","MM",5000000000,5000000000,"XAF",21-MAR-25,21-MAR-25,10-OCT-27,6,766849315,21-MAR-25,"040730819","ETAT DU CONGO"
"099OTAP250090001","099","OTAP","L","MM",3000000000,3000000000,"XAF",09-JAN-25,09-JAN-25,09-JAN-27,5.5,330000000,09-JAN-25,"040730819","ETAT DU CONGO"
"099TBTR250340001","099","TBTR","L","MM",5000000000,5000000000,"XAF",03-FEB-25,03-FEB-25,16-APR-25,6.5,65000000,03-FEB-25,"040730818","ETAT DU CAMEROUN"
"099OTAP250490002","099","OTAP","L","MM",117550000,117550000,"XAF",18-FEB-25,17-FEB-25,25-NOV-27,6.5,21163831,17-FEB-25,"040730820","ETAT DU GABON"
"099TBTR250870001","099","TBTR","L","MM",1485000000,1485000000,"XAF",28-MAR-25,28-MAR-25,15-JAN-26,6.74,81461325,28-MAR-25,"040730821","ETAT DE GUINEE EQUATORIALE"
"099OTAP251330005","099","OTAP","L","MM",2000000000,2000000000,"XAF",13-MAY-25,12-MAY-25,11-MAR-26,5.75,95465753,12-MAY-25,"040730820","ETAT DU GABON"
"099OTAP251610001","099","OTAP","L","MM",5000000000,5000000000,"XAF",10-JUN-25,10-JUN-25,02-MAY-27,6.25,591609589,10-JUN-25,"040730820","ETAT DU GABON"
